Sampled_Row,Randomized_Position,Record_ID,Window,HR_Mean,SpO2_Mean,Flow_Mean,Stage,Sleep_Label,Split
0,0,380,380,-0.443951309099392,0.050475897544179214,1.414715588518667,N1,1,train
1,5,486,486,-0.656504422656178,-1.1349961771168946,0.34513301397449103,N2,1,test
2,10,590,590,-1.4653871048028393,1.0892916330719222,-0.37112433152907526,N1,1,train
3,15,39,39,1.498547978683465,0.7348721468330466,0.27103457071567305,N1,1,train
4,20,908,908,0.18189952526225756,1.0465168674913679,-1.59848110215787,W,0,train
5,25,67,67,1.7583351174750936,0.533219680524718,1.7192787652055774,N3,1,train
6,30,321,321,0.3117930946580718,0.6371012540774944,-0.1671140319388746,N2,1,train
7,35,501,501,-0.8336320172868337,-0.49337469340858164,-0.2504525972135214,N1,1,train
8,40,440,440,-0.19597267661647438,0.8815284859663747,0.5585372404284153,R,1,train
9,45,911,912,0.9317396758653665,-0.18172997275025768,-0.3915153050172714,W,0,train
10,50,363,363,-0.5738448784952063,0.863196443574707,0.6723528278705082,N1,1,test
11,55,192,192,0.22322929734274402,0.39878470298583324,0.6899575673833807,N3,1,train
12,60,139,139,1.5162607381465296,-0.29172222710025575,-0.8884410218518938,N2,1,train
13,65,44,44,1.2446650930461913,0.9548566555330374,0.5192933419309703,N2,1,train
14,70,824,824,0.5184419550605043,-1.6849574488668773,-0.17750769031391397,N1,1,train
15,75,906,906,-1.2055999660112107,1.125955717855255,-1.2808326822577623,N1,1,test
16,80,259,259,-0.17825991715340855,0.34378857581083555,-0.7506023002828601,N1,1,test
17,85,86,86,0.973069447945853,0.777646912413601,0.4421779574249866,N1,1,train
18,90,891,891,-1.187887206548145,1.3337188649608052,1.3491947233155162,N1,1,train
19,95,265,265,0.45349517036259585,-0.5972562669613555,0.36787838474969103,N1,1,test
20,100,137,137,0.4062611451277545,-1.0922214115363402,-0.6539359533810285,N2,1,train
21,105,497,497,-0.6328874100387574,-0.21228337673636868,1.1353349978889804,N1,1,train
22,110,351,351,0.1759952721079027,-1.0066718803752315,-0.626949118146578,N2,1,test
23,115,682,682,-1.2882595101721837,-0.5422601397863577,0.3959655162036961,N2,1,test
24,120,898,898,-1.264642497554763,0.9487459747358158,-1.9285936303085223,N1,1,train
25,125,370,370,0.08743147479257488,-0.27950086550580977,0.2589253967295003,N1,1,train
26,130,714,714,-1.2233127254742766,1.1015129946663682,-0.05672356014797558,N1,1,train
27,135,512,512,0.305888841503717,0.03825453594973325,-0.036782170061317905,N2,1,train
28,140,892,892,-1.4594828516484843,1.0648489098830356,0.39161757146513376,N1,1,train
29,145,49,49,1.2682821056636133,0.6187692116858268,1.790159137800752,N2,1,train
30,150,907,907,-1.5244296363463916,0.8204216779941553,0.02340285003410077,N1,1,train
31,155,731,731,-1.3709190543331566,1.3642722689469136,-0.31606219598276536,N1,1,train
32,160,77,77,0.48892068928872745,1.187062525827477,0.4645743095068872,N2,1,train
33,165,723,723,-0.37310027124713,-0.7561339676891295,0.2042477733029274,N2,1,train
34,170,390,390,-0.7155469541997302,0.9304139323441508,1.236272387105427,N2,1,train
35,175,332,332,1.728813851703317,1.3581615881496918,-1.7953513074631111,W,0,train
36,180,582,582,-1.335493535407025,1.0892916330719222,0.4720456757719268,N2,1,train
37,185,84,84,1.79966488955558,0.23379632146084006,1.2611710257511533,N1,1,train
38,190,863,863,-1.18198295339379,0.2521283638525051,-0.9044071481775803,N1,1,train
39,195,29,29,1.5516862570726613,0.533219680524718,-1.038773429526837,N2,1,train
40,200,309,309,-0.1664514108446976,0.4598915109580553,-0.6972615959187566,N2,1,test
41,205,388,388,-0.6151746505756928,0.7409828276302682,1.3218470382456204,N2,1,train
42,210,552,552,-0.9399085740652272,0.7165401044413789,-0.3527328210635104,N2,1,train
43,215,367,367,0.08743147479257488,-1.00056119957801,1.1094484588740847,N1,1,train
44,220,59,59,0.7546120812347109,-0.5422601397863577,0.13409501594971635,N2,1,train
45,225,544,544,-1.9023018382251236,0.5821051269024942,0.06162335473593876,N1,1,train
46,230,361,361,0.41216539828210935,0.06269725913862258,1.1564654177612856,N2,1,train
47,235,709,709,-0.6269831568844024,0.7409828276302682,-0.41049837259012356,N1,1,train
48,240,482,482,0.9022184100935897,-0.3161649502891425,-1.4648956761902323,N2,1,train
49,245,652,652,-1.1701744470850803,-0.3161649502891425,-0.6081612644191305,N2,1,train
50,250,823,823,-0.33177049916664353,0.32545653341917047,-0.6574438870272428,R,1,train
51,255,532,532,-1.5067168768833257,0.8815284859663747,-0.3697755813244599,N2,1,test
52,260,290,290,-0.10150462614679046,0.4537808301608336,-0.7007991074203351,N2,1,train
53,265,368,368,0.6188142586845418,-0.5789242245696904,-0.905028283140232,N1,1,test
54,270,133,133,1.19743106781135,-0.12062316477803828,2.132593800496201,N2,1,train
55,275,857,857,-1.1642701939307243,1.3520509073524702,-1.810329533419628,N1,1,test
56,280,305,305,0.21732504418838916,-0.9577864339974554,1.3691538601153925,N1,1,train
57,285,820,820,-1.790121028292375,0.6065478500913835,-0.6831056343413694,N1,1,test
58,290,813,813,-0.07788761352936978,-1.6971788104613206,-0.2331850452518027,R,1,train
59,295,493,493,0.05200595586644451,-0.5789242245696904,-1.4720298549041182,N2,1,train
60,300,193,193,0.447590917208241,0.12380406711084199,0.49932828956002107,N3,1,test
61,305,140,140,0.5656759802953456,-1.2510991122641144,2.3146573314060395,N2,1,test
62,310,73,73,1.50445223183782,0.5637730845108291,1.9939564768323292,N3,1,test
63,315,234,234,2.9096644825743554,1.1992838874219203,-1.3135102968643175,W,0,test
64,320,870,870,-0.9103873082934517,0.35600993740527886,-2.4990913045764764,N1,1,train
65,325,108,108,1.256473599354901,1.1137343562608115,0.7601990583026852,N1,1,train
66,330,514,514,-0.3967172838645507,-0.9638971147946771,-1.22090794728955,N2,1,train
67,335,51,51,0.9199311695566569,0.6859867004552705,-0.670091377981047,N2,1,test
68,340,841,841,0.08743147479257488,-0.32838631188358847,-0.3275324882930678,N1,1,train
69,345,741,741,-1.2469297380916973,0.6737653388608246,-0.5180848636924803,R,1,train
70,350,272,272,-0.4262385496363262,0.20935359827195074,-1.1948084477160308,N2,1,train
71,355,182,182,1.132484283113444,0.13602542870528797,0.7144362004829329,N2,1,train
72,360,644,644,-1.3886318137962224,-0.23061541912803374,-0.39859624359150136,N1,1,train
73,365,176,176,0.235037803651455,0.4904449149441637,2.2510590268015727,N2,1,train
74,370,248,248,1.882324433716553,-1.4344195361807752,-0.21397718597818122,W,0,train
75,375,795,795,-1.347302041715736,0.24601768305528343,-0.19880374617625984,N2,1,train
76,380,92,92,0.5125377019061494,0.8204216779941553,-0.4876729128068359,N2,1,train
77,385,837,837,-0.1546429045359879,-0.20006201514192534,-2.424969199033367,N1,1,test
78,390,94,94,1.7524308643207387,-0.3650503966669185,-0.9728621366328764,N1,1,train
79,395,329,329,0.7309950686172915,0.4537808301608336,0.17897645367961024,N1,1,train
80,400,100,100,0.49482494244308234,-0.15117656876414928,2.0027233531623283,N2,1,train
81,405,177,177,0.164186765799193,0.514887638133053,1.3095485659851154,N3,1,train
82,410,383,383,-0.4793768280255224,-0.4444892470308056,0.7795015667134725,N2,1,train
83,415,15,15,1.9236542057970396,0.8509750819802637,-1.1162792417236302,N1,1,train
84,420,494,494,-0.20187692977082922,0.4721128725524986,0.6819183062953452,N2,1,train
85,425,697,697,1.4631224597573333,-1.3549806858168882,-1.0410154309634563,W,0,train
86,430,249,249,0.45349517036259585,-1.7094001720557666,1.622689320727693,N1,1,train
87,435,783,783,0.18189952526225756,-0.19395133434470366,-0.7542107986373131,N2,1,train
88,440,759,759,1.339133143515874,-3.6648180271668136,-2.576076546518857,N1,1,train
89,445,534,534,-1.4594828516484843,0.9854100595191485,-0.4911571841687587,N2,1,train
90,450,745,745,2.5967390653935305,-1.8425257179952448,-1.1587175486004273,W,0,test
91,455,450,450,-0.443951309099392,-0.26727950391136646,1.307939530653294,R,1,train
92,460,446,446,0.010676183785958028,-0.20006201514192534,1.4768172536416966,R,1,train
93,465,677,677,-1.565759408426878,-0.09618044158914894,0.050685463822194965,N1,1,train
94,470,125,125,0.8845056506305252,-0.12062316477803828,1.7195567970460024,N2,1,test
95,475,903,903,1.474930966066043,-0.16950861115581434,0.5719774179059848,N1,1,test
96,480,126,126,0.7191865623085792,-0.6461417133391315,0.23699045919128423,N2,1,test
97,485,228,228,0.06381446217515421,0.27657108704139444,0.7328454576617165,N2,1,train
98,490,274,274,-0.1546429045359879,0.16046815189417468,-1.1550203166798811,N2,1,train
99,495,568,568,-0.6092703974213367,0.777646912413601,-0.08174051021515913,N3,1,train
100,500,634,634,-0.8336320172868337,1.1198450370580333,-0.419531449618402,N1,1,train
101,505,46,46,1.6815798264684756,0.6615439772663811,0.004212737473698019,N2,1,train
102,510,261,261,0.3590271198929132,-1.8988312767696491,-1.7142902370515212,W,0,train
103,515,263,263,0.235037803651455,-2.7604372691779555,-0.18048322256356955,N1,1,train
104,520,880,880,-0.7686852325889277,0.013811812760846523,-1.2371402743135158,N2,1,train
105,525,353,353,-0.33767475232099836,-0.29783290789747746,0.5778574955524213,N2,1,train
106,530,572,572,-1.0520893839979757,0.484334234146942,0.388470487654365,N2,1,train
107,535,737,737,-0.18416417030776341,0.875417805169153,0.04213154805081939,R,1,train
108,540,245,245,1.356845902978941,-1.2022136658863383,-0.5791808817331215,N1,1,train
109,545,154,154,0.21142079103403433,-0.34060767347803184,1.8131588781320858,N2,1,train
110,550,322,322,0.14647400633612717,0.4232274261747226,0.9187186163424856,N1,1,train
111,555,115,115,0.4416866640538861,-0.9700077955919014,0.8705067120985639,N1,1,test
112,560,651,651,-0.3967172838645507,-0.5972562669613555,-0.3963128331573721,N1,1,train
113,565,897,897,-0.4793768280255224,0.20324291747472906,0.1884591141094271,W,0,train
114,570,171,171,-0.20778118292518408,0.3804526605941682,1.0480448311376538,N3,1,train
115,575,765,765,0.8845056506305252,-2.9193149699057273,-0.3090226664060455,N1,1,train
116,580,599,599,-0.7096427010453754,0.6920973812524922,-0.2631533283069816,N2,1,test
117,585,865,865,0.37083562620162414,0.11158270551639862,1.523307726703412,N2,1,train
118,590,374,374,0.09923998110128585,-1.5932972369085467,1.1486095393765094,N1,1,train
119,595,194,194,0.7014738028455147,0.24601768305528343,0.2793282013598423,N3,1,train
120,600,757,757,-1.347302041715736,-0.7255805637030186,-0.2406090869482594,R,1,train
121,605,152,152,0.7546120812347109,0.16657883269139637,0.9363174402842855,N2,1,train
122,610,226,226,-0.14283439822727692,0.3621206182025032,0.22183476610258132,N2,1,train
123,615,586,586,-0.7391639668171509,0.9548566555330374,0.8904362710430758,N2,1,train
124,620,910,910,0.004771930631601918,1.407047034527468,-0.5170082297572173,W,0,train
125,625,736,736,-0.8513447767498994,0.26434972544694846,-0.09136514435072489,R,1,train
126,630,680,680,-1.040280877689266,-1.9110526383640924,-0.49379552886726036,N2,1,train
127,635,262,262,0.6837610433824501,-0.6583630749335775,1.5875804064101866,N1,1,train
128,640,809,809,-0.7450682199715059,0.5821051269024942,-0.5772050809947816,N1,1,train
129,645,488,488,0.7959418533151974,-0.5300387781919144,-1.6865047997222327,N2,1,train
130,650,785,785,1.8173776490186446,-0.8233514564585707,-0.3949522518106111,N2,1,train
131,655,123,123,1.1856225615026403,-1.3427593242224447,0.49128902847198525,N2,1,train
132,660,197,197,0.45349517036259585,0.2887924486358378,-0.2266010146476941,N3,1,train
133,665,122,122,0.4771121829800178,-1.6666254064752122,0.14665968890850045,N1,1,train
134,670,415,415,0.9317396758653665,-2.509899356491851,0.08254081404962076,R,1,train
135,675,715,715,-1.0757063966153964,1.0526275482885923,0.059458255723266934,N2,1,train
136,680,832,832,-0.49708958748858817,-0.24283678072247972,0.13248006504682175,N2,1,train
137,685,693,693,-0.8041107515150581,0.3498992566080572,-0.44028327294204345,N2,1,train
138,690,877,877,-1.1524616876220144,-0.585034905366912,-1.066535204571834,N1,1,train
139,695,232,232,1.4572182066029786,0.765425550819155,-3.0046774174617865,N2,1,test
140,700,894,894,-1.2941637633265386,0.3926740221886116,-0.6246065520017199,N1,1,test
141,705,317,317,1.362750156133296,-0.6094776285558015,-0.8754563433469356,W,0,train
142,710,258,258,0.32950585412113764,0.21546427906917243,0.17840855885661436,N1,1,test
143,715,384,384,2.466845495997716,-1.2510991122641144,-1.9936767432522804,W,0,train
144,720,347,347,0.305888841503717,-0.32227563108636414,1.2750903644856255,N1,1,train
145,725,822,822,2.2897179013670605,-4.172004533336242,0.8632719686764392,N1,1,train
146,730,556,556,-0.9458128272195834,0.514887638133053,-0.5712303542111791,N3,1,test
147,735,698,698,-1.483099864265905,0.5821051269024942,-0.4113797926799818,N1,1,train
148,740,170,170,0.37673987935597897,0.4232274261747226,1.3985719950607942,N2,1,train
149,745,733,733,-1.187887206548145,0.765425550819155,-0.45505445391100946,R,1,train
150,750,574,574,-0.8159192578237691,0.8693071243719314,0.2115535035779266,N2,1,train
151,755,206,206,0.37673987935597897,0.34378857581083555,0.9240899548766551,N3,1,train
152,760,4,4,1.9590797247231686,1.1320663986524766,-0.32419610620796685,W,0,test
153,765,546,546,-1.270546750709118,1.0159634635052595,0.23582509168992793,N2,1,train
154,770,573,573,-1.1642701939307243,0.6187692116858268,-0.8372831632136807,N2,1,train
155,775,200,200,0.6483355244563186,0.3193458526219488,0.16334159933400466,N3,1,train
156,780,489,489,-0.6387916631931134,-0.8111300948641273,1.0876732417548358,N1,1,train
157,785,674,674,-0.3553875117840642,-0.07173771840026222,-0.3937099818853076,N2,1,train
158,790,62,62,1.5516862570726613,-0.016741591225264488,0.6958198983165989,N2,1,train
159,795,520,520,-0.6210789037300476,-0.8233514564585707,0.9069584610496125,N2,1,train
160,800,492,492,-0.5029938406429443,-1.7949497032168753,-0.17725923632885324,N1,1,train
161,805,791,791,-1.418153079567998,-0.21228337673636868,-0.5664801506396614,N2,1,train
162,810,724,724,-0.5148023469516539,0.2704604062441728,-0.7923129919176937,N2,1,test
163,815,461,461,0.05200595586644451,1.0465168674913679,-0.6018493500843742,N1,1,test
164,820,201,201,0.41216539828210935,0.12991474790806368,-0.555625077720938,N3,1,test
165,825,702,702,-1.0166638650718454,0.6615439772663811,-0.02114731571571224,N2,1,train
166,830,565,565,-1.193791459702501,0.7409828276302682,-0.29188525700792994,N3,1,train
167,835,80,80,1.882324433716553,1.3764936305413595,-2.115543422924554,W,0,train
168,840,427,427,2.189345597743023,-3.1698528825918317,-3.6118161389551218,N1,1,test
169,845,564,564,-1.0048553587631344,0.7409828276302682,-0.5267570908853134,N3,1,train
170,850,315,315,0.24094205680580985,-0.5667028629752471,-0.0019335408710179378,N2,1,train
171,855,840,840,-0.5325151064147198,-0.8844582644307927,-0.7950459857533614,N1,1,test
172,860,893,893,-0.3258662460122887,0.2887924486358378,-0.9409831241211594,W,0,train
173,865,562,562,-0.9103873082934517,0.8448644011830421,-0.3681251369951281,N2,1,train
174,870,475,475,0.22322929734274402,-0.18172997275025768,-1.7613308582230143,N1,1,train
175,875,560,560,-0.969429839837004,0.6248798924830485,-1.0943265574721954,N3,1,test
176,880,313,313,0.6601440307650283,1.3581615881496918,1.5006510894943053,N1,1,train
177,885,385,385,-0.5384193595690747,-0.06562703760304053,-0.33723994042365374,N1,1,train
178,890,769,769,-1.3177807759439593,0.16046815189417468,-0.8177499475310513,R,1,test
179,895,871,871,-1.335493535407025,1.4498218001080223,-0.8693218961443654,N1,1,train
180,900,330,330,0.7487078280803561,0.484334234146942,0.4417283740234481,N2,1,test
181,905,20,20,1.3981756750594274,0.5087769573358313,0.666508243650509,N2,1,train
182,910,860,860,-0.9930468524544247,0.43544878776916596,-2.528521270664024,N1,1,train
