Model,FPR,TPR_Sensitivity,Threshold,ROC_AUC
Logistic Regression,0.0,0.0,inf,1.0
Logistic Regression,0.0,0.0005099439061703213,0.9999743593082852,1.0
Logistic Regression,0.0,1.0,0.9944671828664915,1.0
Logistic Regression,1.0,1.0,6.985681190067938e-05,1.0
Random Forest,0.0,0.0,inf,1.0
Random Forest,0.0,0.021417644059153494,1.0,1.0
Random Forest,0.0,0.0382457929627741,0.998,1.0
Random Forest,0.0,0.0504844467108618,0.996,1.0
Random Forest,0.0,0.06170321264660887,0.994,1.0
Random Forest,0.0,0.07139214686384497,0.992,1.0
Random Forest,0.0,0.07955124936257012,0.99,1.0
Random Forest,0.0,0.09229984701682815,0.988,1.0
Random Forest,0.0,0.10045894951555329,0.986,1.0
Random Forest,0.0,0.11167771545130036,0.984,1.0
Random Forest,0.0,0.12544620091789904,0.982,1.0
Random Forest,0.0,0.1366649668536461,0.98,1.0
Random Forest,0.0,0.15196328403875572,0.978,1.0
Random Forest,0.0,0.16981132075471697,0.976,1.0
Random Forest,0.0,0.17899031106578275,0.974,1.0
Random Forest,0.0,0.19734829168791432,0.972,1.0
Random Forest,0.0,0.20805711371749108,0.97,1.0
Random Forest,0.0,0.21162672106068334,0.968,1.0
Random Forest,0.0,0.21774604793472718,0.966,1.0
Random Forest,0.0,0.2330443651198368,0.962,1.0
Random Forest,0.0,0.24171341152473227,0.96,1.0
Random Forest,0.0,0.25599184089750127,0.958,1.0
Random Forest,0.0,0.2610912799592045,0.956,1.0
Random Forest,0.0,0.2728199898011219,0.954,1.0
Random Forest,0.0,0.28403875573686893,0.952,1.0
Random Forest,0.0,0.2962774094849567,0.95,1.0
Random Forest,0.0,0.30494645588985214,0.948,1.0
Random Forest,0.0,0.3115757266700663,0.946,1.0
Random Forest,0.0,0.3227944926058134,0.944,1.0
Random Forest,0.0,0.3314635390107088,0.942,1.0
Random Forest,0.0,0.338092809790923,0.94,1.0
Random Forest,0.0,0.3457419683834778,0.938,1.0
Random Forest,0.0,0.352371239163692,0.936,1.0
Random Forest,0.0,0.3646098929117797,0.932,1.0
Random Forest,0.0,0.37021927587965325,0.93,1.0
Random Forest,0.0,0.3778684344722081,0.928,1.0
Random Forest,0.0,0.39214686384497704,0.924,1.0
Random Forest,0.0,0.3982661907190209,0.922,1.0
Random Forest,0.0,0.4074451810300867,0.92,1.0
Random Forest,0.0,0.4130545639979602,0.918,1.0
Random Forest,0.0,0.4201937786843447,0.916,1.0
Random Forest,0.0,0.4268230494645589,0.914,1.0
Random Forest,0.0,0.43243243243243246,0.912,1.0
Random Forest,0.0,0.4395716471188169,0.91,1.0
Random Forest,0.0,0.4487506374298827,0.908,1.0
Random Forest,0.0,0.4533401325854156,0.906,1.0
Random Forest,0.0,0.4594594594594595,0.904,1.0
Random Forest,0.0,0.46404895461499235,0.902,1.0
Random Forest,0.0,0.4696583375828659,0.9,1.0
Random Forest,0.0,0.47628760836308004,0.898,1.0
Random Forest,0.0,0.48750637429882715,0.896,1.0
Random Forest,0.0,0.49311575726670065,0.894,1.0
Random Forest,0.0,0.4982151963284039,0.892,1.0
Random Forest,0.0,0.5048444671086181,0.89,1.0
Random Forest,0.0,0.5145334013258541,0.888,1.0
Random Forest,0.0,0.52371239163692,0.884,1.0
Random Forest,0.0,0.5298317185109638,0.882,1.0
Random Forest,0.0,0.5385007649158593,0.88,1.0
Random Forest,0.0,0.5441101478837328,0.878,1.0
Random Forest,0.0,0.5512493625701173,0.876,1.0
Random Forest,0.0,0.5558388577256502,0.874,1.0
Random Forest,0.0,0.5629780724120347,0.872,1.0
Random Forest,0.0,0.5685874553799082,0.87,1.0
Random Forest,0.0,0.5731769505354412,0.868,1.0
Random Forest,0.0,0.5782763895971443,0.866,1.0
Random Forest,0.0,0.5849056603773585,0.864,1.0
Random Forest,0.0,0.588985211626721,0.862,1.0
Random Forest,0.0,0.592044875063743,0.86,1.0
Random Forest,0.0,0.5966343702192759,0.858,1.0
Random Forest,0.0,0.6022437531871494,0.856,1.0
Random Forest,0.0,0.6058133605303416,0.854,1.0
Random Forest,0.0,0.6114227434982152,0.852,1.0
Random Forest,0.0,0.6160122386537481,0.85,1.0
Random Forest,0.0,0.61907190209077,0.848,1.0
Random Forest,0.0,0.6302906680265171,0.844,1.0
Random Forest,0.0,0.6353901070882203,0.842,1.0
Random Forest,0.0,0.6409994900560938,0.84,1.0
Random Forest,0.0,0.6450790413054563,0.838,1.0
Random Forest,0.0,0.6522182559918409,0.834,1.0
Random Forest,0.0,0.660377358490566,0.83,1.0
Random Forest,0.0,0.6664966853646099,0.826,1.0
Random Forest,0.0,0.6700662927078022,0.824,1.0
Random Forest,0.0,0.6731259561448241,0.822,1.0
Random Forest,0.0,0.6741458439571647,0.82,1.0
Random Forest,0.0,0.6782253952065272,0.818,1.0
Random Forest,0.0,0.6817950025497195,0.816,1.0
Random Forest,0.0,0.6879143294237634,0.814,1.0
Random Forest,0.0,0.6914839367669556,0.812,1.0
Random Forest,0.0,0.6930137684854666,0.81,1.0
Random Forest,0.0,0.6955634880163182,0.808,1.0
Random Forest,0.0,0.6970933197348291,0.806,1.0
Random Forest,0.0,0.6996430392656807,0.804,1.0
Random Forest,0.0,0.7027027027027027,0.802,1.0
Random Forest,0.0,0.7108618052014278,0.798,1.0
Random Forest,0.0,0.7164711881693013,0.796,1.0
Random Forest,0.0,0.720550739418664,0.794,1.0
Random Forest,0.0,0.7271800101988781,0.792,1.0
Random Forest,0.0,0.7302396736359,0.79,1.0
Random Forest,0.0,0.7348291687914329,0.788,1.0
Random Forest,0.0,0.7419683834778175,0.786,1.0
Random Forest,0.0,0.74604793472718,0.784,1.0
Random Forest,0.0,0.7506374298827129,0.782,1.0
Random Forest,0.0,0.7587965323814381,0.78,1.0
Random Forest,0.0,0.7638959714431413,0.778,1.0
Random Forest,0.0,0.7720550739418663,0.776,1.0
Random Forest,0.0,0.7791942886282509,0.774,1.0
Random Forest,0.0,0.7832738398776135,0.772,1.0
Random Forest,0.0,0.788883222845487,0.77,1.0
Random Forest,0.0,0.7929627740948496,0.768,1.0
Random Forest,0.0,0.7985721570627231,0.766,1.0
Random Forest,0.0,0.8021417644059153,0.764,1.0
Random Forest,0.0,0.8062213156552779,0.762,1.0
Random Forest,0.0,0.8097909229984702,0.76,1.0
Random Forest,0.0,0.8138704742478328,0.758,1.0
Random Forest,0.0,0.8184599694033656,0.756,1.0
Random Forest,0.0,0.8245792962774094,0.752,1.0
Random Forest,0.0,0.8327383987761346,0.748,1.0
Random Forest,0.0,0.8398776134625191,0.744,1.0
Random Forest,0.0,0.8454869964303927,0.742,1.0
Random Forest,0.0,0.8465068842427333,0.74,1.0
Random Forest,0.0,0.8500764915859256,0.736,1.0
Random Forest,0.0,0.8541560428352881,0.734,1.0
Random Forest,0.0,0.8612952575216726,0.732,1.0
Random Forest,0.0,0.8663946965833759,0.73,1.0
Random Forest,0.0,0.8684344722080571,0.728,1.0
Random Forest,0.0,0.8720040795512494,0.726,1.0
Random Forest,0.0,0.8765935747067822,0.724,1.0
Random Forest,0.0,0.8796532381438041,0.722,1.0
Random Forest,0.0,0.8867924528301887,0.72,1.0
Random Forest,0.0,0.8883222845486997,0.718,1.0
Random Forest,0.0,0.8913819479857216,0.716,1.0
Random Forest,0.0,0.8959714431412544,0.714,1.0
Random Forest,0.0,0.9000509943906171,0.71,1.0
Random Forest,0.0,0.903110657827639,0.708,1.0
Random Forest,0.0,0.9087200407955125,0.706,1.0
Random Forest,0.0,0.9102498725140235,0.704,1.0
Random Forest,0.0,0.9133095359510454,0.702,1.0
Random Forest,0.0,0.914329423763386,0.7,1.0
Random Forest,0.0,0.9204487506374299,0.696,1.0
Random Forest,0.0,0.9219785823559409,0.694,1.0
Random Forest,0.0,0.9245283018867925,0.692,1.0
Random Forest,0.0,0.9260581336053034,0.69,1.0
Random Forest,0.0,0.9311575726670066,0.686,1.0
Random Forest,0.0,0.9321774604793472,0.684,1.0
Random Forest,0.0,0.9342172361040285,0.682,1.0
Random Forest,0.0,0.9357470678225395,0.68,1.0
Random Forest,0.0,0.9367669556348802,0.678,1.0
Random Forest,0.0,0.9393166751657318,0.676,1.0
Random Forest,0.0,0.9423763386027537,0.67,1.0
Random Forest,0.0,0.9433962264150944,0.666,1.0
Random Forest,0.0,0.9454360020397756,0.664,1.0
Random Forest,0.0,0.9469658337582866,0.662,1.0
Random Forest,0.0,0.9490056093829679,0.658,1.0
Random Forest,0.0,0.9505354411014788,0.656,1.0
Random Forest,0.0,0.9515553289138194,0.654,1.0
Random Forest,0.0,0.9546149923508415,0.65,1.0
Random Forest,0.0,0.9556348801631821,0.648,1.0
Random Forest,0.0,0.958694543600204,0.644,1.0
Random Forest,0.0,0.9627740948495666,0.642,1.0
Random Forest,0.0,0.9653238143804181,0.64,1.0
Random Forest,0.0,0.9724630290668026,0.636,1.0
Random Forest,0.0,0.9750127485976543,0.634,1.0
Random Forest,0.0,0.9765425803161653,0.632,1.0
Random Forest,0.0,0.9790922998470168,0.63,1.0
Random Forest,0.0,0.9826619071902091,0.628,1.0
Random Forest,0.0,0.9852116267210607,0.626,1.0
Random Forest,0.0,0.9867414584395716,0.624,1.0
Random Forest,0.0,0.9877613462519123,0.622,1.0
Random Forest,0.0,0.9898011218765935,0.62,1.0
Random Forest,0.0,0.9928607853136155,0.618,1.0
Random Forest,0.0,0.9943906170321265,0.616,1.0
Random Forest,0.0,0.9954105048444671,0.614,1.0
Random Forest,0.0,0.9969403365629781,0.612,1.0
Random Forest,0.0,0.9979602243753187,0.608,1.0
Random Forest,0.0,0.9994900560938297,0.606,1.0
Random Forest,0.0,1.0,0.604,1.0
Random Forest,0.0026246719160104987,1.0,0.254,1.0
Random Forest,0.004374453193350831,1.0,0.248,1.0
Random Forest,0.006124234470691163,1.0,0.232,1.0
Random Forest,0.007874015748031496,1.0,0.23,1.0
Random Forest,0.008748906386701663,1.0,0.224,1.0
Random Forest,0.010498687664041995,1.0,0.22,1.0
Random Forest,0.011373578302712161,1.0,0.2,1.0
Random Forest,0.013123359580052493,1.0,0.198,1.0
Random Forest,0.015748031496062992,1.0,0.192,1.0
Random Forest,0.016622922134733157,1.0,0.19,1.0
Random Forest,0.01837270341207349,1.0,0.186,1.0
Random Forest,0.019247594050743656,1.0,0.184,1.0
Random Forest,0.02099737532808399,1.0,0.182,1.0
Random Forest,0.022747156605424323,1.0,0.174,1.0
Random Forest,0.02799650043744532,1.0,0.168,1.0
Random Forest,0.028871391076115485,1.0,0.166,1.0
Random Forest,0.03587051618547681,1.0,0.158,1.0
Random Forest,0.03762029746281715,1.0,0.152,1.0
Random Forest,0.03937007874015748,1.0,0.148,1.0
Random Forest,0.04024496937882765,1.0,0.146,1.0
Random Forest,0.045494313210848646,1.0,0.138,1.0
Random Forest,0.049868766404199474,1.0,0.136,1.0
Random Forest,0.0568678915135608,1.0,0.134,1.0
Random Forest,0.06036745406824147,1.0,0.132,1.0
Random Forest,0.06561679790026247,1.0,0.13,1.0
Random Forest,0.06911636045494313,1.0,0.128,1.0
Random Forest,0.0699912510936133,1.0,0.126,1.0
Random Forest,0.07174103237095363,1.0,0.124,1.0
Random Forest,0.07611548556430446,1.0,0.122,1.0
Random Forest,0.08223972003499562,1.0,0.12,1.0
Random Forest,0.09011373578302712,1.0,0.118,1.0
Random Forest,0.09711286089238845,1.0,0.116,1.0
Random Forest,0.10586176727909011,1.0,0.114,1.0
Random Forest,0.1111111111111111,1.0,0.112,1.0
Random Forest,0.1216097987751531,1.0,0.11,1.0
Random Forest,0.1347331583552056,1.0,0.108,1.0
Random Forest,0.14610673665791776,1.0,0.106,1.0
Random Forest,0.15923009623797024,1.0,0.104,1.0
Random Forest,0.17410323709536307,1.0,0.102,1.0
Random Forest,0.19160104986876642,1.0,0.1,1.0
Random Forest,0.20647419072615922,1.0,0.098,1.0
Random Forest,0.21959755030621173,1.0,0.096,1.0
Random Forest,0.23972003499562555,1.0,0.094,1.0
Random Forest,0.26334208223972005,1.0,0.092,1.0
Random Forest,0.2782152230971129,1.0,0.09,1.0
Random Forest,0.2869641294838145,1.0,0.088,1.0
Random Forest,0.310586176727909,1.0,0.086,1.0
Random Forest,0.3350831146106737,1.0,0.084,1.0
Random Forest,0.35870516185476814,1.0,0.082,1.0
Random Forest,0.3753280839895013,1.0,0.08,1.0
Random Forest,0.39545056867891515,1.0,0.078,1.0
Random Forest,0.40769903762029747,1.0,0.076,1.0
Random Forest,0.4304461942257218,1.0,0.074,1.0
Random Forest,0.4558180227471566,1.0,0.072,1.0
Random Forest,0.46981627296587924,1.0,0.07,1.0
Random Forest,0.4890638670166229,1.0,0.068,1.0
Random Forest,0.5021872265966754,1.0,0.066,1.0
Random Forest,0.5205599300087489,1.0,0.064,1.0
Random Forest,0.5336832895888014,1.0,0.062,1.0
Random Forest,0.5564304461942258,1.0,0.06,1.0
Random Forest,0.5713035870516185,1.0,0.058,1.0
Random Forest,0.5800524934383202,1.0,0.056,1.0
Random Forest,0.5923009623797025,1.0,0.054,1.0
Random Forest,0.6062992125984252,1.0,0.052,1.0
Random Forest,0.6176727909011374,1.0,0.05,1.0
Random Forest,0.6307961504811899,1.0,0.048,1.0
Random Forest,0.647419072615923,1.0,0.046,1.0
Random Forest,0.6614173228346457,1.0,0.044,1.0
Random Forest,0.6727909011373578,1.0,0.042,1.0
Random Forest,0.6937882764654418,1.0,0.04,1.0
Random Forest,0.710411198600175,1.0,0.038,1.0
Random Forest,0.7252843394575678,1.0,0.036,1.0
Random Forest,0.7340332458442694,1.0,0.034,1.0
Random Forest,0.7506561679790026,1.0,0.032,1.0
Random Forest,0.7812773403324584,1.0,0.03,1.0
Random Forest,0.8013998250218722,1.0,0.028,1.0
Random Forest,0.8188976377952756,1.0,0.026,1.0
Random Forest,0.8320209973753281,1.0,0.024,1.0
Random Forest,0.8486439195100612,1.0,0.022,1.0
Random Forest,0.8722659667541557,1.0,0.02,1.0
Random Forest,0.889763779527559,1.0,0.018,1.0
Random Forest,0.9098862642169728,1.0,0.016,1.0
Random Forest,0.9247594050743657,1.0,0.014,1.0
Random Forest,0.937007874015748,1.0,0.012,1.0
Random Forest,0.9501312335958005,1.0,0.01,1.0
Random Forest,0.9667541557305337,1.0,0.008,1.0
Random Forest,0.9807524059492564,1.0,0.006,1.0
Random Forest,1.0,1.0,0.002,1.0
Gradient Boosting,0.0,0.0,inf,1.0
Gradient Boosting,0.0,1.0,0.9999758806948313,1.0
Gradient Boosting,1.0,1.0,1.964325500755933e-05,1.0
