Threshold,Accuracy,Balanced_Accuracy,Precision,Sensitivity_Recall,Specificity,FPR,F1,TN,FP,FN,TP
0.05,0.6192010309278351,0.503559122932173,0.6335275968460747,0.9423763386027537,0.0647419072615923,0.9352580927384077,0.7576875768757687,74,1069,113,1848
0.06,0.6185567010309279,0.5052388594210018,0.6343825665859564,0.9352371239163692,0.0752405949256343,0.9247594050743657,0.7559769167353668,86,1057,127,1834
0.07,0.6201675257731959,0.5087033995814266,0.6361420612813371,0.9316675165731769,0.0857392825896763,0.9142607174103237,0.7560521415270018,98,1045,134,1827
0.08,0.6208118556701031,0.5123153907138456,0.6380281690140845,0.9240183579806222,0.10061242344706911,0.8993875765529309,0.7548427410956051,115,1028,149,1812
0.09,0.6243556701030928,0.5189520228890308,0.6415094339622641,0.918918918918919,0.1189851268591426,0.8810148731408574,0.7555555555555555,136,1007,159,1802
0.09999999999999999,0.6230670103092784,0.5201218154716892,0.6422150305645451,0.9107598164201938,0.1294838145231846,0.8705161854768154,0.7532686630113876,148,995,175,1786
0.10999999999999999,0.6253221649484536,0.5253736131020339,0.645090909090909,0.90464048954615,0.14610673665791776,0.8538932633420823,0.7531309700700488,167,976,187,1774
0.12,0.6246778350515464,0.5272358229571125,0.6462160176340925,0.8969913309535951,0.15748031496062992,0.84251968503937,0.7512278453982489,180,963,202,1759
0.13,0.6240335051546392,0.5290980328121911,0.6473645137342242,0.8893421723610403,0.16885389326334208,0.8311461067366579,0.7493018259935553,193,950,217,1744
0.13999999999999999,0.6275773195876289,0.5359171383536263,0.6512589252160842,0.8837327893931668,0.18810148731408574,0.8118985126859143,0.7498918217221981,215,928,228,1733
0.14999999999999997,0.6272551546391752,0.5376693734292902,0.6523881728582259,0.8776134625191229,0.19772528433945757,0.8022747156605424,0.7484235703413785,226,917,240,1721
0.15999999999999998,0.6256443298969072,0.537489353861364,0.652422739412438,0.8720040795512494,0.20297462817147857,0.7970253718285214,0.746398952422523,232,911,251,1710
0.16999999999999998,0.6246778350515464,0.5381842249321078,0.6529592621060722,0.8663946965833759,0.2099737532808399,0.7900262467191601,0.7446855139162831,240,903,262,1699
0.18,0.6240335051546392,0.5396814880546866,0.6539953452288596,0.8597654258031616,0.21959755030621173,0.7804024496937882,0.7428949107732981,251,892,275,1686
0.19,0.6221005154639175,0.5403413367311748,0.6546310832025117,0.8505864354920959,0.23009623797025372,0.7699037620297463,0.739853626081171,263,880,293,1668
0.19999999999999996,0.6195231958762887,0.5399438214027428,0.654639175257732,0.8419173890872004,0.2379702537182852,0.7620297462817148,0.736560339058666,272,871,310,1651
0.20999999999999996,0.6182345360824743,0.5414785607179011,0.6558232931726907,0.8327383987761346,0.25021872265966755,0.7497812773403325,0.7337676926533363,286,857,328,1633
0.21999999999999997,0.6192010309278351,0.5442506836059058,0.6576284904896803,0.8286588475267721,0.25984251968503935,0.7401574803149606,0.7333032490974729,297,846,336,1625
0.22999999999999998,0.6179123711340206,0.5448730560898144,0.6582278481012658,0.8220295767465579,0.2677165354330709,0.7322834645669292,0.7310657596371882,306,837,349,1612
0.24,0.6172680412371134,0.5461878458461433,0.6592501030078286,0.815910249872514,0.2764654418197725,0.7235345581802275,0.7292616226071102,316,827,361,1600
0.24999999999999994,0.615979381443299,0.5471751650625518,0.6601416076634735,0.8082610912799592,0.28608923884514437,0.7139107611548556,0.7267308574048602,327,816,376,1585
0.25999999999999995,0.6150128865979382,0.5485999295982954,0.6613310867733783,0.8006119326874044,0.29658792650918636,0.7034120734908137,0.7243367935409458,339,804,391,1570
0.26999999999999996,0.6156572164948454,0.5522119207307143,0.6639624252775406,0.7929627740948496,0.3114610673665792,0.6885389326334208,0.7227515686730188,356,787,406,1555
0.27999999999999997,0.6163015463917526,0.5556414384968834,0.6665224913494809,0.785823559408465,0.32545931758530183,0.6745406824146981,0.7212731102270068,372,771,420,1541
0.29,0.6156572164948454,0.5576861217182121,0.6682734443470639,0.77766445690974,0.33770778652668415,0.6622922134733158,0.7188310157907141,386,757,436,1525
0.3,0.6137242268041238,0.5581634970284503,0.6690328305235137,0.7689954105048444,0.347331583552056,0.652668416447944,0.7155397390272835,397,746,453,1508
0.30999999999999994,0.6088917525773195,0.5559811780284222,0.6681674921206664,0.7567567567567568,0.3552055993000875,0.6447944006999126,0.7097082735533238,406,737,477,1484
0.31999999999999995,0.6098582474226805,0.5596656677476763,0.6710766423357665,0.7501274859765426,0.36920384951881013,0.6307961504811899,0.7084035636888996,422,721,490,1471
0.32999999999999996,0.6092139175257731,0.561527877602755,0.6728280961182994,0.7424783273839878,0.3805774278215223,0.6194225721784777,0.705939393939394,435,708,505,1456
0.33999999999999997,0.6076030927835051,0.5624426982323283,0.6740046838407494,0.7338092809790923,0.3910761154855643,0.6089238845144357,0.70263671875,447,696,522,1439
0.3499999999999999,0.6066365979381443,0.5638674627680719,0.6755218216318786,0.7261601223865375,0.4015748031496063,0.5984251968503937,0.6999262718112559,459,684,537,1424
0.35999999999999993,0.6082474226804123,0.5682443697597463,0.6791726791726792,0.7200407955124937,0.41644794400699914,0.5835520559930009,0.699009900990099,476,667,549,1412
0.36999999999999994,0.6079252577319587,0.5698141314691605,0.6807580174927114,0.7144314125446201,0.4251968503937008,0.5748031496062992,0.6971883553122667,486,657,560,1401
0.37999999999999995,0.6059922680412371,0.5708389268781484,0.6823122529644269,0.7042325344212137,0.4374453193350831,0.5625546806649169,0.693099121706399,500,643,580,1381
0.38999999999999996,0.6069587628865979,0.5736110497661531,0.6847880299251871,0.7001529831718512,0.44706911636045493,0.552930883639545,0.6923852748361069,511,632,588,1373
0.3999999999999999,0.604381443298969,0.5728485877052212,0.6848209783156833,0.6925038245792963,0.4531933508311461,0.5468066491688539,0.6886409736308317,518,625,603,1358
0.4099999999999999,0.604381443298969,0.5752207414664702,0.6872764435360246,0.6858745537990821,0.4645669291338583,0.5354330708661418,0.6865747830525778,531,612,616,1345
0.41999999999999993,0.6053479381443299,0.5785402844532246,0.6904761904761905,0.6802651708312085,0.4768153980752406,0.5231846019247594,0.6853326483431801,545,598,627,1334
0.42999999999999994,0.6056701030927835,0.580437516702559,0.6924281984334204,0.676185619581846,0.4846894138232721,0.5153105861767279,0.6842105263157895,554,589,635,1326
0.43999999999999995,0.6066365979381443,0.5837570596893135,0.6957671957671958,0.6705762366139725,0.4969378827646544,0.5030621172353456,0.6829394962347443,568,575,646,1315
0.4499999999999999,0.6059922680412371,0.585801742910642,0.6983870967741935,0.6624171341152473,0.5091863517060368,0.49081364829396323,0.6799267207537294,582,561,662,1299
0.4599999999999999,0.6063144329896907,0.5882463952587262,0.7011431682090364,0.6568077511473738,0.5196850393700787,0.48031496062992124,0.6782517114270669,594,549,673,1288
0.4699999999999999,0.6063144329896907,0.5906185490199753,0.7040309221424628,0.6501784803671596,0.531058617672791,0.4689413823272091,0.676033934252386,607,536,686,1275
0.4799999999999999,0.6105025773195877,0.597035231636331,0.7100558659217877,0.6481387047424784,0.5459317585301837,0.4540682414698163,0.6776859504132231,624,519,690,1271
0.48999999999999994,0.6114690721649485,0.5998073545243356,0.7131564088085828,0.6440591534931157,0.5555555555555556,0.4444444444444444,0.6768488745980707,635,508,698,1263
0.49999999999999994,0.6114690721649485,0.6025444550180845,0.7168294083859851,0.6364099949005609,0.5686789151356081,0.43132108486439197,0.6742301458670988,650,493,713,1248
0.5099999999999999,0.6105025773195877,0.6037867461875781,0.7191142191142191,0.6292707802141765,0.5783027121609798,0.4216972878390201,0.6711993472939897,661,482,727,1234
0.5199999999999999,0.6092139175257731,0.6051390121364866,0.7218268090154211,0.620601733809281,0.5896762904636921,0.410323709536308,0.6673978612558267,674,469,744,1217
0.5299999999999999,0.6063144329896907,0.6037566313899697,0.7216556688662268,0.6134625191228965,0.5940507436570429,0.40594925634295714,0.663175303197354,679,464,758,1203
0.5399999999999999,0.6059922680412371,0.6056913398318835,0.7247259439707674,0.6068332483426823,0.6045494313210849,0.39545056867891515,0.6605606439078545,691,452,771,1190
0.5499999999999999,0.6037371134020618,0.6055487964565367,0.7260358688930117,0.5986741458439572,0.6124234470691163,0.38757655293088367,0.6562325321408609,700,443,787,1174
0.5599999999999999,0.6024484536082474,0.6059886955741955,0.7276142767689417,0.5925548189699134,0.6194225721784777,0.3805774278215223,0.6531759415401911,708,435,799,1162
0.57,0.6001932989690721,0.6052987321000989,0.7281368821292775,0.5859255481896991,0.6246719160104987,0.3753280839895013,0.6493359706131676,714,429,812,1149
0.58,0.5950386597938144,0.602131547681986,0.7268041237113402,0.5752167261601224,0.6290463692038495,0.37095363079615046,0.6421861656703672,719,424,833,1128
0.59,0.5979381443298969,0.6073458691197511,0.7331589274035317,0.5716471188169301,0.6430446194225722,0.3569553805774278,0.642406876790831,735,408,840,1121
0.6,0.5966494845360825,0.6085156617024096,0.7361758827448368,0.563488016318205,0.6535433070866141,0.3464566929133858,0.6383593298671288,747,396,856,1105
0.61,0.5963273195876289,0.6100854234118236,0.7391891891891892,0.5578786333503315,0.6622922134733158,0.33770778652668415,0.6358616681197327,757,386,867,1094
0.62,0.5950386597938144,0.6105253225294824,0.7410958904109589,0.5517593064762876,0.6692913385826772,0.33070866141732286,0.6325635779011984,765,378,879,1082
0.63,0.595360824742268,0.6127875015113167,0.7449617790132036,0.5466598674145844,0.678915135608049,0.321084864391951,0.6305882352941177,776,367,889,1072
0.6399999999999999,0.5947164948453608,0.6142847646338956,0.7484098939929329,0.5400305966343703,0.6885389326334208,0.3114610673665792,0.6273696682464455,787,356,902,1059
0.6499999999999999,0.5940721649484536,0.6159645011227243,0.7523398128149748,0.5328913819479857,0.6990376202974629,0.3009623797025372,0.6238805970149254,799,344,916,1045
0.6599999999999999,0.5914948453608248,0.6161144058930421,0.7553426676492262,0.5226925038245793,0.7095363079615048,0.2904636920384952,0.617842073538276,811,332,936,1025
0.6699999999999999,0.5905283505154639,0.6179041171612855,0.7601809954751131,0.5140234574196838,0.7217847769028871,0.2782152230971129,0.6133252205658656,825,318,953,1008
0.6799999999999999,0.5876288659793815,0.6179815233447681,0.7637490317583269,0.5028046914839368,0.7331583552055994,0.2668416447944007,0.6063960639606396,838,305,975,986
0.69,0.5853737113402062,0.6185688734344209,0.7678855325914149,0.49260581336053033,0.7445319335083115,0.2554680664916885,0.6001863932898416,851,292,995,966
0.7,0.584729381443299,0.6198836631907498,0.7718446601941747,0.4864864864864865,0.7532808398950132,0.24671916010498687,0.5968095089146075,861,282,1007,954
0.71,0.5834407216494846,0.6205060356746585,0.7751235584843492,0.4798572157062723,0.7611548556430446,0.2388451443569554,0.592755905511811,870,273,1020,941
0.72,0.5815077319587629,0.6204359908861469,0.7776845637583892,0.4727180010198878,0.7681539807524059,0.23184601924759404,0.588011417697431,878,265,1034,927
0.73,0.5811855670103093,0.6221882259618109,0.7827202737382378,0.46659867414584394,0.7777777777777778,0.2222222222222222,0.5846645367412141,889,254,1046,915
0.74,0.5811855670103093,0.6247428530893098,0.78965819456617,0.4594594594594595,0.7900262467191601,0.2099737532808399,0.5809155383623469,903,240,1060,901
0.7499999999999999,0.5786082474226805,0.6241628643946279,0.7923008057296329,0.45130035696073434,0.7970253718285214,0.20297462817147857,0.5750487329434698,911,232,1076,885
0.7599999999999999,0.5769974226804123,0.6256251051229509,0.7994454713493531,0.4411014788373279,0.8101487314085739,0.18985126859142606,0.568517909957279,926,217,1096,865
0.7699999999999999,0.5753865979381443,0.6263574523862743,0.804739336492891,0.4329423763386028,0.8197725284339458,0.18022747156605423,0.5629973474801061,937,206,1112,849
0.7799999999999999,0.5760309278350515,0.6294220234199435,0.8134110787172012,0.4268230494645589,0.8320209973753281,0.1679790026246719,0.559866220735786,951,192,1124,837
0.7899999999999999,0.5721649484536082,0.6285520403779206,0.8187311178247734,0.4145843957164712,0.84251968503937,0.15748031496062992,0.5504400812457685,963,180,1148,813
0.7999999999999999,0.5692654639175257,0.6280820264626534,0.8236514522821576,0.4048954614992351,0.8512685914260717,0.14873140857392825,0.5429059829059829,973,170,1167,794
0.8099999999999999,0.5653994845360825,0.6272120434206305,0.8297413793103449,0.39265680775114736,0.8617672790901137,0.13823272090988625,0.5330564209068882,985,158,1191,770
0.82,0.5637886597938144,0.6279443906839539,0.8368479467258602,0.3844977052524222,0.8713910761154856,0.12860892388451445,0.5269042627533194,996,147,1207,754
0.83,0.5586340206185567,0.6253246263645907,0.8400460299194477,0.3722590515043345,0.8783902012248469,0.1216097987751531,0.5159010600706714,1004,139,1231,730
0.84,0.5538015463917526,0.6238722008295623,0.8478260869565217,0.3579806221315655,0.889763779527559,0.11023622047244094,0.5034062387952671,1017,126,1259,702
0.8499999999999999,0.5470360824742269,0.6205249968435231,0.8535031847133758,0.34166241713411527,0.8993875765529309,0.10061242344706911,0.4879825200291333,1028,115,1291,670
0.8599999999999999,0.5389819587628866,0.6159754316788932,0.8581081081081081,0.323814380418154,0.9081364829396326,0.09186351706036745,0.47019622362088115,1038,105,1326,635
0.8699999999999999,0.5306056701030928,0.6111708945611783,0.8631123919308358,0.30545639979602246,0.9168853893263342,0.0831146106736658,0.4512241054613936,1048,95,1362,599
0.8799999999999999,0.5248067010309279,0.6089535531668944,0.8738461538461538,0.2896481387047425,0.9282589676290464,0.07174103237095363,0.43508234392952894,1061,82,1393,568
0.8899999999999999,0.5148195876288659,0.6037865231150032,0.8862478777589134,0.2661907190209077,0.9413823272090989,0.05861767279090114,0.40941176470588236,1076,67,1439,522
0.8999999999999999,0.5035438144329897,0.596322291687022,0.8903345724907064,0.2442631310555839,0.9483814523184602,0.051618547681539804,0.3833533413365346,1084,59,1482,479
0.9099999999999999,0.49226804123711343,0.5890405336252907,0.8969072164948454,0.22182559918408976,0.9562554680664916,0.04374453193350831,0.35568274734260014,1093,50,1526,435
0.9199999999999999,0.47777061855670105,0.5795740027652077,0.9066985645933014,0.19326874043855177,0.9658792650918635,0.03412073490813648,0.31862126944094155,1104,39,1582,379
0.9299999999999999,0.46230670103092786,0.5689776093133692,0.9147727272727273,0.16420193778684344,0.973753280839895,0.026246719160104987,0.2784262862083874,1113,30,1639,322
0.94,0.44490979381443296,0.5563039640442701,0.916083916083916,0.13360530341662416,0.979002624671916,0.02099737532808399,0.23319982198486872,1119,24,1699,262
0.95,0.43105670103092786,0.5466174836253577,0.925764192139738,0.10810810810810811,0.9851268591426072,0.014873140857392825,0.19360730593607306,1126,17,1749,212
