mean_fit_time,std_fit_time,mean_score_time,std_score_time,param_class_weight,param_max_depth,param_min_samples_leaf,param_min_samples_split,param_n_estimators,params,split0_test_score,split1_test_score,split2_test_score,split3_test_score,split4_test_score,mean_test_score,std_test_score,rank_test_score
0.6176872253417969,0.15854295397019866,0.053781986236572266,0.028239264737335738,,,1,2,100,"{'class_weight': None, 'max_depth': None, 'min_samples_leaf': 1, 'min_samples_split': 2, 'n_estimators': 100}",0.9825581395348837,0.9771428571428571,0.98005698005698,0.9884393063583815,0.9772727272727273,0.9810940020731659,0.004180581193375832,2
0.9985788345336915,0.44717896868214313,0.03883271217346192,0.016972657874739845,,,1,2,200,"{'class_weight': None, 'max_depth': None, 'min_samples_leaf': 1, 'min_samples_split': 2, 'n_estimators': 200}",0.9797101449275363,0.9771428571428571,0.9828571428571429,0.9855907780979827,0.9772727272727273,0.9805147300596493,0.003279653264403236,11
0.6985137939453125,0.04043638455415284,0.03503084182739258,0.005178853295128581,,,1,2,300,"{'class_weight': None, 'max_depth': None, 'min_samples_leaf': 1, 'min_samples_split': 2, 'n_estimators': 300}",0.9797101449275363,0.9771428571428571,0.9828571428571429,0.9855907780979827,0.98005698005698,0.9810715806164998,0.0028958303802109715,4
0.4116512775421143,0.19047366725530154,0.03217930793762207,0.018187794853102505,,,1,5,100,"{'class_weight': None, 'max_depth': None, 'min_samples_leaf': 1, 'min_samples_split': 5, 'n_estimators': 100}",0.9797101449275363,0.9771428571428571,0.9828571428571429,0.9827586206896551,0.9771428571428571,0.9799223245520098,0.0025358877189139073,31
0.570267629623413,0.2522934520334857,0.030547237396240233,0.005555908013867743,,,1,5,200,"{'class_weight': None, 'max_depth': None, 'min_samples_leaf': 1, 'min_samples_split': 5, 'n_estimators': 200}",0.9797101449275363,0.9771428571428571,0.9828571428571429,0.9827586206896551,0.9771428571428571,0.9799223245520098,0.0025358877189139073,31
0.8272904872894287,0.2975163455134085,0.03286337852478027,0.006798387850354416,,,1,5,300,"{'class_weight': None, 'max_depth': None, 'min_samples_leaf': 1, 'min_samples_split': 5, 'n_estimators': 300}",0.9797101449275363,0.9771428571428571,0.9828571428571429,0.9827586206896551,0.9771428571428571,0.9799223245520098,0.0025358877189139073,31
0.3616684913635254,0.22557290029452462,0.017807960510253906,0.005641040573976944,,,1,10,100,"{'class_weight': None, 'max_depth': None, 'min_samples_leaf': 1, 'min_samples_split': 10, 'n_estimators': 100}",0.976878612716763,0.9771428571428571,0.9828571428571429,0.9827586206896551,0.98005698005698,0.9799388426926796,0.0025947686964079204,28
0.5565872192382812,0.22831354010817442,0.02630643844604492,0.008329059730657689,,,1,10,200,"{'class_weight': None, 'max_depth': None, 'min_samples_leaf': 1, 'min_samples_split': 10, 'n_estimators': 200}",0.976878612716763,0.9771428571428571,0.9828571428571429,0.9827586206896551,0.9771428571428571,0.9793560181098551,0.002820258116752494,78
0.6366943359375,0.2813146390118402,0.034978818893432614,0.016372435410637813,,,1,10,300,"{'class_weight': None, 'max_depth': None, 'min_samples_leaf': 1, 'min_samples_split': 10, 'n_estimators': 300}",0.976878612716763,0.9771428571428571,0.9828571428571429,0.9827586206896551,0.9771428571428571,0.9793560181098551,0.002820258116752494,78
0.24718217849731444,0.10062949894770128,0.019652080535888673,0.009174580100679,,,2,2,100,"{'class_weight': None, 'max_depth': None, 'min_samples_leaf': 2, 'min_samples_split': 2, 'n_estimators': 100}",0.9797101449275363,0.9771428571428571,0.9828571428571429,0.9827586206896551,0.9743589743589743,0.9793655479952331,0.003281129629734771,76
0.520441722869873,0.22302521612313417,0.03344430923461914,0.014219143928525586,,,2,2,200,"{'class_weight': None, 'max_depth': None, 'min_samples_leaf': 2, 'min_samples_split': 2, 'n_estimators': 200}",0.9798270893371758,0.9771428571428571,0.9828571428571429,0.9827586206896551,0.9743589743589743,0.9793889368771611,0.0032839182816019486,55
0.6896465301513672,0.24481750915807438,0.03828125,0.01308925670973039,,,2,2,300,"{'class_weight': None, 'max_depth': None, 'min_samples_leaf': 2, 'min_samples_split': 2, 'n_estimators': 300}",0.9798270893371758,0.9771428571428571,0.9828571428571429,0.9827586206896551,0.9743589743589743,0.9793889368771611,0.0032839182816019486,55
0.23501019477844237,0.08921140771020249,0.0153228759765625,0.004604408041726638,,,2,5,100,"{'class_weight': None, 'max_depth': None, 'min_samples_leaf': 2, 'min_samples_split': 5, 'n_estimators': 100}",0.976878612716763,0.9771428571428571,0.98005698005698,0.9799426934097422,0.9743589743589743,0.9776760235370634,0.002132120631275237,107
0.4227434158325195,0.17385762576946456,0.024164247512817382,0.006213881186819561,,,2,5,200,"{'class_weight': None, 'max_depth': None, 'min_samples_leaf': 2, 'min_samples_split': 5, 'n_estimators': 200}",0.976878612716763,0.9771428571428571,0.9828571428571429,0.9827586206896551,0.9743589743589743,0.9787992415530784,0.0034144294790501807,93
0.6767696380615235,0.2341527952015335,0.03401365280151367,0.007790438350037426,,,2,5,300,"{'class_weight': None, 'max_depth': None, 'min_samples_leaf': 2, 'min_samples_split': 5, 'n_estimators': 300}",0.976878612716763,0.9771428571428571,0.9828571428571429,0.9827586206896551,0.9743589743589743,0.9787992415530784,0.0034144294790501807,93
0.28083624839782717,0.09054806082673526,0.020011377334594727,0.00575243980626716,,,2,10,100,"{'class_weight': None, 'max_depth': None, 'min_samples_leaf': 2, 'min_samples_split': 10, 'n_estimators': 100}",0.9798270893371758,0.9771428571428571,0.9828571428571429,0.9827586206896551,0.9743589743589743,0.9793889368771611,0.0032839182816019486,55
0.39524526596069337,0.12460342985622788,0.022882699966430664,0.004645292801691448,,,2,10,200,"{'class_weight': None, 'max_depth': None, 'min_samples_leaf': 2, 'min_samples_split': 10, 'n_estimators': 200}",0.9798270893371758,0.9771428571428571,0.9828571428571429,0.9827586206896551,0.9743589743589743,0.9793889368771611,0.0032839182816019486,55
0.6984585285186767,0.25730833680753057,0.03334698677062988,0.009903840399270968,,,2,10,300,"{'class_weight': None, 'max_depth': None, 'min_samples_leaf': 2, 'min_samples_split': 10, 'n_estimators': 300}",0.9798270893371758,0.9771428571428571,0.9828571428571429,0.9827586206896551,0.9743589743589743,0.9793889368771611,0.0032839182816019486,55
0.25113706588745116,0.07690879548742313,0.01982731819152832,0.007055413475882587,,,4,2,100,"{'class_weight': None, 'max_depth': None, 'min_samples_leaf': 4, 'min_samples_split': 2, 'n_estimators': 100}",0.9827586206896551,0.9771428571428571,0.98005698005698,0.9827586206896551,0.9743589743589743,0.9794152105876244,0.0032710171277564007,37
0.34909467697143554,0.05660361218624125,0.021454238891601564,0.0021670586592544686,,,4,2,200,"{'class_weight': None, 'max_depth': None, 'min_samples_leaf': 4, 'min_samples_split': 2, 'n_estimators': 200}",0.976878612716763,0.9771428571428571,0.98005698005698,0.9827586206896551,0.9743589743589743,0.978239208993046,0.002892708217094162,99
0.8052802562713623,0.26785325421061534,0.04146037101745605,0.009892022285664579,,,4,2,300,"{'class_weight': None, 'max_depth': None, 'min_samples_leaf': 4, 'min_samples_split': 2, 'n_estimators': 300}",0.9827586206896551,0.9771428571428571,0.9828571428571429,0.9827586206896551,0.9743589743589743,0.9799752431476568,0.0035599048471848613,13
0.24359641075134278,0.07102279787028842,0.019093418121337892,0.007331098481040813,,,4,5,100,"{'class_weight': None, 'max_depth': None, 'min_samples_leaf': 4, 'min_samples_split': 5, 'n_estimators': 100}",0.9827586206896551,0.9771428571428571,0.98005698005698,0.9827586206896551,0.9743589743589743,0.9794152105876244,0.0032710171277564007,37
0.3275758743286133,0.004293944406405433,0.021149492263793944,0.0009500130180982833,,,4,5,200,"{'class_weight': None, 'max_depth': None, 'min_samples_leaf': 4, 'min_samples_split': 5, 'n_estimators': 200}",0.976878612716763,0.9771428571428571,0.98005698005698,0.9827586206896551,0.9743589743589743,0.978239208993046,0.002892708217094162,99
0.6894108772277832,0.2640808937217706,0.044134664535522464,0.018287342390170578,,,4,5,300,"{'class_weight': None, 'max_depth': None, 'min_samples_leaf': 4, 'min_samples_split': 5, 'n_estimators': 300}",0.9827586206896551,0.9771428571428571,0.9828571428571429,0.9827586206896551,0.9743589743589743,0.9799752431476568,0.0035599048471848613,13
0.22671632766723632,0.07990213509122782,0.016765546798706055,0.004829733701533498,,,4,10,100,"{'class_weight': None, 'max_depth': None, 'min_samples_leaf': 4, 'min_samples_split': 10, 'n_estimators': 100}",0.9827586206896551,0.9771428571428571,0.9828571428571429,0.9827586206896551,0.9714285714285714,0.9793891625615763,0.004542032203876022,50
0.39948859214782717,0.14471964680503904,0.028269481658935548,0.011096599524788031,,,4,10,200,"{'class_weight': None, 'max_depth': None, 'min_samples_leaf': 4, 'min_samples_split': 10, 'n_estimators': 200}",0.9827586206896551,0.9771428571428571,0.9828571428571429,0.9827586206896551,0.9714285714285714,0.9793891625615763,0.004542032203876022,50
0.6559277057647706,0.24938812856226483,0.032363080978393556,0.0069007289061198355,,,4,10,300,"{'class_weight': None, 'max_depth': None, 'min_samples_leaf': 4, 'min_samples_split': 10, 'n_estimators': 300}",0.9827586206896551,0.9771428571428571,0.9799426934097422,0.9827586206896551,0.9743589743589743,0.9793923532581766,0.0032668493396134316,47
0.1570664405822754,0.0049580628039677275,0.012528038024902344,0.0002577266066450989,,5,1,2,100,"{'class_weight': None, 'max_depth': 5, 'min_samples_leaf': 1, 'min_samples_split': 2, 'n_estimators': 100}",0.976878612716763,0.9771428571428571,0.98005698005698,0.9856733524355301,0.98005698005698,0.979961756481822,0.003165199278282034,25
0.4988709449768066,0.18359027234148179,0.029515838623046874,0.01305412641418915,,5,1,2,200,"{'class_weight': None, 'max_depth': 5, 'min_samples_leaf': 1, 'min_samples_split': 2, 'n_estimators': 200}",0.976878612716763,0.9771428571428571,0.98005698005698,0.9856733524355301,0.98005698005698,0.979961756481822,0.003165199278282034,25
0.585080623626709,0.18106657557252034,0.03148655891418457,0.0059898811650811925,,5,1,2,300,"{'class_weight': None, 'max_depth': 5, 'min_samples_leaf': 1, 'min_samples_split': 2, 'n_estimators': 300}",0.976878612716763,0.9771428571428571,0.98005698005698,0.9827586206896551,0.98005698005698,0.9793788101326472,0.002172253262616808,74
0.26670055389404296,0.08826832994252502,0.01960911750793457,0.0062054398221752455,,5,1,5,100,"{'class_weight': None, 'max_depth': 5, 'min_samples_leaf': 1, 'min_samples_split': 5, 'n_estimators': 100}",0.9739130434782609,0.9771428571428571,0.98005698005698,0.9856733524355301,0.9771428571428571,0.9787858180512969,0.00395465689716911,98
0.3811013698577881,0.11626828499205973,0.024187564849853516,0.0063028584829862965,,5,1,5,200,"{'class_weight': None, 'max_depth': 5, 'min_samples_leaf': 1, 'min_samples_split': 5, 'n_estimators': 200}",0.976878612716763,0.9771428571428571,0.98005698005698,0.9856733524355301,0.98005698005698,0.979961756481822,0.003165199278282034,25
0.5634350299835205,0.19028561056428703,0.032547283172607425,0.009108111299688772,,5,1,5,300,"{'class_weight': None, 'max_depth': 5, 'min_samples_leaf': 1, 'min_samples_split': 5, 'n_estimators': 300}",0.976878612716763,0.9771428571428571,0.98005698005698,0.9827586206896551,0.98005698005698,0.9793788101326472,0.002172253262616808,74
0.244464111328125,0.06810764520447814,0.016705846786499022,0.003687614879122198,,5,1,10,100,"{'class_weight': None, 'max_depth': 5, 'min_samples_leaf': 1, 'min_samples_split': 10, 'n_estimators': 100}",0.9798270893371758,0.9771428571428571,0.98005698005698,0.9827586206896551,0.98005698005698,0.9799685054567296,0.0017779024402560621,23
0.4455428600311279,0.16274175084148143,0.02901902198791504,0.010099379660113757,,5,1,10,200,"{'class_weight': None, 'max_depth': 5, 'min_samples_leaf': 1, 'min_samples_split': 10, 'n_estimators': 200}",0.9798270893371758,0.9771428571428571,0.98005698005698,0.9827586206896551,0.98005698005698,0.9799685054567296,0.0017779024402560621,23
0.7048352718353271,0.22949718775504963,0.04265098571777344,0.011528029809471603,,5,1,10,300,"{'class_weight': None, 'max_depth': 5, 'min_samples_leaf': 1, 'min_samples_split': 10, 'n_estimators': 300}",0.9798270893371758,0.9771428571428571,0.9828571428571429,0.9827586206896551,0.98005698005698,0.9805285380167623,0.002124754167899709,10
0.23238415718078614,0.08613698607082017,0.018257713317871092,0.006607774768733941,,5,2,2,100,"{'class_weight': None, 'max_depth': 5, 'min_samples_leaf': 2, 'min_samples_split': 2, 'n_estimators': 100}",0.9798270893371758,0.9771428571428571,0.98005698005698,0.9828571428571429,0.9743589743589743,0.9788486087506261,0.002882788118245641,87
0.3896014213562012,0.11691840601665798,0.026000118255615233,0.009393921424029934,,5,2,2,200,"{'class_weight': None, 'max_depth': 5, 'min_samples_leaf': 2, 'min_samples_split': 2, 'n_estimators': 200}",0.9798270893371758,0.9771428571428571,0.98005698005698,0.9856733524355301,0.9743589743589743,0.9794118506663034,0.0037543284373411077,43
0.5871313095092774,0.2022636804620859,0.034743118286132815,0.014195036446170626,,5,2,2,300,"{'class_weight': None, 'max_depth': 5, 'min_samples_leaf': 2, 'min_samples_split': 2, 'n_estimators': 300}",0.9798270893371758,0.9771428571428571,0.98005698005698,0.9827586206896551,0.9743589743589743,0.9788289043171284,0.0028555294791066436,89
0.22486333847045897,0.07804551569856018,0.017638587951660158,0.004579680464908648,,5,2,5,100,"{'class_weight': None, 'max_depth': 5, 'min_samples_leaf': 2, 'min_samples_split': 5, 'n_estimators': 100}",0.9798270893371758,0.9771428571428571,0.98005698005698,0.9828571428571429,0.9743589743589743,0.9788486087506261,0.002882788118245641,87
0.36871790885925293,0.11247086412647064,0.022443008422851563,0.007122284120928778,,5,2,5,200,"{'class_weight': None, 'max_depth': 5, 'min_samples_leaf': 2, 'min_samples_split': 5, 'n_estimators': 200}",0.9798270893371758,0.9771428571428571,0.98005698005698,0.9856733524355301,0.9743589743589743,0.9794118506663034,0.0037543284373411077,43
0.715580940246582,0.29462622094269614,0.04310441017150879,0.0150963846849162,,5,2,5,300,"{'class_weight': None, 'max_depth': 5, 'min_samples_leaf': 2, 'min_samples_split': 5, 'n_estimators': 300}",0.9798270893371758,0.9771428571428571,0.9828571428571429,0.9828571428571429,0.9743589743589743,0.9794086413106587,0.003304310481813026,46
0.26043076515197755,0.07758161959378307,0.020253896713256836,0.007776574594438363,,5,2,10,100,"{'class_weight': None, 'max_depth': 5, 'min_samples_leaf': 2, 'min_samples_split': 10, 'n_estimators': 100}",0.9798270893371758,0.9771428571428571,0.98005698005698,0.9827586206896551,0.9743589743589743,0.9788289043171284,0.0028555294791066436,89
0.37468738555908204,0.09316796311565924,0.021607065200805665,0.00249329682624221,,5,2,10,200,"{'class_weight': None, 'max_depth': 5, 'min_samples_leaf': 2, 'min_samples_split': 10, 'n_estimators': 200}",0.9798270893371758,0.9771428571428571,0.98005698005698,0.9827586206896551,0.9772727272727273,0.979411654899879,0.002074303014724313,45
0.7483102798461914,0.22820214362781158,0.038358640670776364,0.012221108356504065,,5,2,10,300,"{'class_weight': None, 'max_depth': 5, 'min_samples_leaf': 2, 'min_samples_split': 10, 'n_estimators': 300}",0.9827586206896551,0.9771428571428571,0.9828571428571429,0.9827586206896551,0.9743589743589743,0.9799752431476568,0.0035599048471848613,13
0.1999340534210205,0.08168944381720133,0.013933658599853516,0.0029794650043905684,,5,4,2,100,"{'class_weight': None, 'max_depth': 5, 'min_samples_leaf': 4, 'min_samples_split': 2, 'n_estimators': 100}",0.9827586206896551,0.9771428571428571,0.9828571428571429,0.9827586206896551,0.9743589743589743,0.9799752431476568,0.0035599048471848613,13
0.38987317085266116,0.12783007151707731,0.024937200546264648,0.007550313062829273,,5,4,2,200,"{'class_weight': None, 'max_depth': 5, 'min_samples_leaf': 4, 'min_samples_split': 2, 'n_estimators': 200}",0.976878612716763,0.9771428571428571,0.98005698005698,0.9856733524355301,0.9743589743589743,0.978822155342221,0.003872494765809778,91
0.7780288219451904,0.2538553812072384,0.047397518157958986,0.01847411801878771,,5,4,2,300,"{'class_weight': None, 'max_depth': 5, 'min_samples_leaf': 4, 'min_samples_split': 2, 'n_estimators': 300}",0.9827586206896551,0.9771428571428571,0.9828571428571429,0.9856733524355301,0.9743589743589743,0.9805581894968318,0.004156602922825701,8
0.1934525489807129,0.07275175487216956,0.014142608642578125,0.0036007815840440336,,5,4,5,100,"{'class_weight': None, 'max_depth': 5, 'min_samples_leaf': 4, 'min_samples_split': 5, 'n_estimators': 100}",0.9827586206896551,0.9771428571428571,0.9828571428571429,0.9827586206896551,0.9743589743589743,0.9799752431476568,0.0035599048471848613,13
0.3457087516784668,0.06867312439758454,0.020008420944213866,0.00030911575532836214,,5,4,5,200,"{'class_weight': None, 'max_depth': 5, 'min_samples_leaf': 4, 'min_samples_split': 5, 'n_estimators': 200}",0.976878612716763,0.9771428571428571,0.98005698005698,0.9856733524355301,0.9743589743589743,0.978822155342221,0.003872494765809778,91
0.5783779621124268,0.22397056182831424,0.034596920013427734,0.013633805498986148,,5,4,5,300,"{'class_weight': None, 'max_depth': 5, 'min_samples_leaf': 4, 'min_samples_split': 5, 'n_estimators': 300}",0.9827586206896551,0.9771428571428571,0.9828571428571429,0.9856733524355301,0.9743589743589743,0.9805581894968318,0.004156602922825701,8
0.2245481014251709,0.08069959487572602,0.017409420013427733,0.006731197160138665,,5,4,10,100,"{'class_weight': None, 'max_depth': 5, 'min_samples_leaf': 4, 'min_samples_split': 10, 'n_estimators': 100}",0.9798270893371758,0.9771428571428571,0.9828571428571429,0.9827586206896551,0.9743589743589743,0.9793889368771611,0.0032839182816019486,55
0.397689151763916,0.1382100790332974,0.02542142868041992,0.008445524337975633,,5,4,10,200,"{'class_weight': None, 'max_depth': 5, 'min_samples_leaf': 4, 'min_samples_split': 10, 'n_estimators': 200}",0.976878612716763,0.9771428571428571,0.98005698005698,0.9827586206896551,0.9743589743589743,0.978239208993046,0.002892708217094162,99
0.6944794654846191,0.21928633788950735,0.04014430046081543,0.015977443293412222,,5,4,10,300,"{'class_weight': None, 'max_depth': 5, 'min_samples_leaf': 4, 'min_samples_split': 10, 'n_estimators': 300}",0.9827586206896551,0.9771428571428571,0.9828571428571429,0.9827586206896551,0.9743589743589743,0.9799752431476568,0.0035599048471848613,13
0.24295659065246583,0.07974915661270934,0.01838030815124512,0.005297521537851808,,10,1,2,100,"{'class_weight': None, 'max_depth': 10, 'min_samples_leaf': 1, 'min_samples_split': 2, 'n_estimators': 100}",0.9767441860465116,0.9799426934097422,0.9828571428571429,0.9855907780979827,0.98005698005698,0.981038356093672,0.0029878421455153247,7
0.3911143779754639,0.1397385128826516,0.026630973815917967,0.009841924998878496,,10,1,2,200,"{'class_weight': None, 'max_depth': 10, 'min_samples_leaf': 1, 'min_samples_split': 2, 'n_estimators': 200}",0.9797101449275363,0.9799426934097422,0.9828571428571429,0.9855907780979827,0.98005698005698,0.9816315478698767,0.0022891426134568804,1
0.6729425430297852,0.21856302655768292,0.033170461654663086,0.005883470755271246,,10,1,2,300,"{'class_weight': None, 'max_depth': 10, 'min_samples_leaf': 1, 'min_samples_split': 2, 'n_estimators': 300}",0.9797101449275363,0.9771428571428571,0.9828571428571429,0.9855907780979827,0.98005698005698,0.9810715806164998,0.0028958303802109715,4
0.24238619804382325,0.0876786811512079,0.016073226928710938,0.0035497357929677835,,10,1,5,100,"{'class_weight': None, 'max_depth': 10, 'min_samples_leaf': 1, 'min_samples_split': 5, 'n_estimators': 100}",0.976878612716763,0.9771428571428571,0.9828571428571429,0.9827586206896551,0.9771428571428571,0.9793560181098551,0.002820258116752494,78
0.4088566303253174,0.13995790004938163,0.02733469009399414,0.009902853102630024,,10,1,5,200,"{'class_weight': None, 'max_depth': 10, 'min_samples_leaf': 1, 'min_samples_split': 5, 'n_estimators': 200}",0.976878612716763,0.9771428571428571,0.9828571428571429,0.9827586206896551,0.9771428571428571,0.9793560181098551,0.002820258116752494,78
0.6477242469787597,0.19601988807406595,0.036414813995361325,0.015601533628542788,,10,1,5,300,"{'class_weight': None, 'max_depth': 10, 'min_samples_leaf': 1, 'min_samples_split': 5, 'n_estimators': 300}",0.976878612716763,0.9771428571428571,0.9828571428571429,0.9827586206896551,0.9771428571428571,0.9793560181098551,0.002820258116752494,78
0.26697745323181155,0.08474977337474306,0.01920475959777832,0.00742564859334055,,10,1,10,100,"{'class_weight': None, 'max_depth': 10, 'min_samples_leaf': 1, 'min_samples_split': 10, 'n_estimators': 100}",0.976878612716763,0.9771428571428571,0.9828571428571429,0.9827586206896551,0.9771428571428571,0.9793560181098551,0.002820258116752494,78
0.3727667808532715,0.09010258775365619,0.02132859230041504,0.002280134992974287,,10,1,10,200,"{'class_weight': None, 'max_depth': 10, 'min_samples_leaf': 1, 'min_samples_split': 10, 'n_estimators': 200}",0.976878612716763,0.9771428571428571,0.9828571428571429,0.9827586206896551,0.9771428571428571,0.9793560181098551,0.002820258116752494,78
0.7399293899536132,0.24705894019846938,0.04465222358703613,0.020511621991696583,,10,1,10,300,"{'class_weight': None, 'max_depth': 10, 'min_samples_leaf': 1, 'min_samples_split': 10, 'n_estimators': 300}",0.976878612716763,0.9771428571428571,0.9828571428571429,0.9827586206896551,0.98005698005698,0.9799388426926796,0.0025947686964079204,28
0.2969932556152344,0.07228972263161094,0.022640705108642578,0.008652552940569741,,10,2,2,100,"{'class_weight': None, 'max_depth': 10, 'min_samples_leaf': 2, 'min_samples_split': 2, 'n_estimators': 100}",0.9798270893371758,0.9771428571428571,0.9828571428571429,0.9827586206896551,0.9743589743589743,0.9793889368771611,0.0032839182816019486,55
0.4005014419555664,0.15114919582858605,0.027528953552246094,0.0142856889421542,,10,2,2,200,"{'class_weight': None, 'max_depth': 10, 'min_samples_leaf': 2, 'min_samples_split': 2, 'n_estimators': 200}",0.9798270893371758,0.9771428571428571,0.9828571428571429,0.9827586206896551,0.9743589743589743,0.9793889368771611,0.0032839182816019486,55
0.7929485321044922,0.27352634664827075,0.04317460060119629,0.014521585704690825,,10,2,2,300,"{'class_weight': None, 'max_depth': 10, 'min_samples_leaf': 2, 'min_samples_split': 2, 'n_estimators': 300}",0.9798270893371758,0.9771428571428571,0.9828571428571429,0.9827586206896551,0.9743589743589743,0.9793889368771611,0.0032839182816019486,55
0.2072988510131836,0.07665856789293958,0.01999554634094238,0.013844219864395558,,10,2,5,100,"{'class_weight': None, 'max_depth': 10, 'min_samples_leaf': 2, 'min_samples_split': 5, 'n_estimators': 100}",0.976878612716763,0.9771428571428571,0.98005698005698,0.9827586206896551,0.9743589743589743,0.978239208993046,0.002892708217094162,99
0.4535456657409668,0.197923707827541,0.025743913650512696,0.007348775628346118,,10,2,5,200,"{'class_weight': None, 'max_depth': 10, 'min_samples_leaf': 2, 'min_samples_split': 5, 'n_estimators': 200}",0.9798270893371758,0.9771428571428571,0.9828571428571429,0.9827586206896551,0.9743589743589743,0.9793889368771611,0.0032839182816019486,55
0.9901404857635498,0.44466688248306735,0.04988117218017578,0.02825136332651181,,10,2,5,300,"{'class_weight': None, 'max_depth': 10, 'min_samples_leaf': 2, 'min_samples_split': 5, 'n_estimators': 300}",0.9798270893371758,0.9771428571428571,0.9828571428571429,0.9827586206896551,0.9743589743589743,0.9793889368771611,0.0032839182816019486,55
0.17631230354309083,0.00968164066337004,0.013801240921020507,0.0015137168331785624,,10,2,10,100,"{'class_weight': None, 'max_depth': 10, 'min_samples_leaf': 2, 'min_samples_split': 10, 'n_estimators': 100}",0.976878612716763,0.9771428571428571,0.9828571428571429,0.9827586206896551,0.9743589743589743,0.9787992415530784,0.0034144294790501807,93
0.566243028640747,0.27479396207382206,0.023198699951171874,0.0018629489817198449,,10,2,10,200,"{'class_weight': None, 'max_depth': 10, 'min_samples_leaf': 2, 'min_samples_split': 10, 'n_estimators': 200}",0.9798270893371758,0.9771428571428571,0.9828571428571429,0.9827586206896551,0.9743589743589743,0.9793889368771611,0.0032839182816019486,55
0.5356785774230957,0.022526361052473496,0.059105873107910156,0.04541540958384081,,10,2,10,300,"{'class_weight': None, 'max_depth': 10, 'min_samples_leaf': 2, 'min_samples_split': 10, 'n_estimators': 300}",0.9798270893371758,0.9771428571428571,0.9828571428571429,0.9827586206896551,0.9743589743589743,0.9793889368771611,0.0032839182816019486,55
0.2443556785583496,0.08941378833219676,0.016756772994995117,0.004199515694411155,,10,4,2,100,"{'class_weight': None, 'max_depth': 10, 'min_samples_leaf': 4, 'min_samples_split': 2, 'n_estimators': 100}",0.9827586206896551,0.9771428571428571,0.98005698005698,0.9827586206896551,0.9743589743589743,0.9794152105876244,0.0032710171277564007,37
1.2546564102172852,0.24629870429799322,0.06500258445739746,0.010101249344028505,,10,4,2,200,"{'class_weight': None, 'max_depth': 10, 'min_samples_leaf': 4, 'min_samples_split': 2, 'n_estimators': 200}",0.976878612716763,0.9771428571428571,0.98005698005698,0.9827586206896551,0.9743589743589743,0.978239208993046,0.002892708217094162,99
1.7443190097808838,0.07126466388248937,0.06455397605895996,0.002965698248688933,,10,4,2,300,"{'class_weight': None, 'max_depth': 10, 'min_samples_leaf': 4, 'min_samples_split': 2, 'n_estimators': 300}",0.9827586206896551,0.9771428571428571,0.9828571428571429,0.9827586206896551,0.9743589743589743,0.9799752431476568,0.0035599048471848613,13
0.6809279918670654,0.06842420553359292,0.04581670761108399,0.011336750644516797,,10,4,5,100,"{'class_weight': None, 'max_depth': 10, 'min_samples_leaf': 4, 'min_samples_split': 5, 'n_estimators': 100}",0.9827586206896551,0.9771428571428571,0.98005698005698,0.9827586206896551,0.9743589743589743,0.9794152105876244,0.0032710171277564007,37
0.9227669715881348,0.037552311771322275,0.05005354881286621,0.0011951877703104791,,10,4,5,200,"{'class_weight': None, 'max_depth': 10, 'min_samples_leaf': 4, 'min_samples_split': 5, 'n_estimators': 200}",0.976878612716763,0.9771428571428571,0.98005698005698,0.9827586206896551,0.9743589743589743,0.978239208993046,0.002892708217094162,99
1.3233222007751464,0.0130936399824304,0.07159008979797363,0.006202960343465379,,10,4,5,300,"{'class_weight': None, 'max_depth': 10, 'min_samples_leaf': 4, 'min_samples_split': 5, 'n_estimators': 300}",0.9827586206896551,0.9771428571428571,0.9828571428571429,0.9827586206896551,0.9743589743589743,0.9799752431476568,0.0035599048471848613,13
0.4539029121398926,0.015522598110531676,0.02986588478088379,0.0009688381393518902,,10,4,10,100,"{'class_weight': None, 'max_depth': 10, 'min_samples_leaf': 4, 'min_samples_split': 10, 'n_estimators': 100}",0.9827586206896551,0.9771428571428571,0.9828571428571429,0.9827586206896551,0.9714285714285714,0.9793891625615763,0.004542032203876022,50
0.8944196701049805,0.013667423811617785,0.05574021339416504,0.006780350468665113,,10,4,10,200,"{'class_weight': None, 'max_depth': 10, 'min_samples_leaf': 4, 'min_samples_split': 10, 'n_estimators': 200}",0.9798270893371758,0.9771428571428571,0.9828571428571429,0.9827586206896551,0.9743589743589743,0.9793889368771611,0.0032839182816019486,55
1.3258296012878419,0.011540932943093581,0.06809449195861816,0.0029042820030218356,,10,4,10,300,"{'class_weight': None, 'max_depth': 10, 'min_samples_leaf': 4, 'min_samples_split': 10, 'n_estimators': 300}",0.9827586206896551,0.9771428571428571,0.9799426934097422,0.9827586206896551,0.9743589743589743,0.9793923532581766,0.0032668493396134316,47
0.46900382041931155,0.011355348401541912,0.03186469078063965,0.0026226882851787094,,20,1,2,100,"{'class_weight': None, 'max_depth': 20, 'min_samples_leaf': 1, 'min_samples_split': 2, 'n_estimators': 100}",0.9825581395348837,0.9771428571428571,0.98005698005698,0.9884393063583815,0.9772727272727273,0.9810940020731659,0.004180581193375832,2
0.8788788795471192,0.011701295801120878,0.05280447006225586,0.002745220741875531,,20,1,2,200,"{'class_weight': None, 'max_depth': 20, 'min_samples_leaf': 1, 'min_samples_split': 2, 'n_estimators': 200}",0.9797101449275363,0.9771428571428571,0.9828571428571429,0.9855907780979827,0.9772727272727273,0.9805147300596493,0.003279653264403236,11
1.3050401210784912,0.010255466131033847,0.06826024055480957,0.0011409675723941188,,20,1,2,300,"{'class_weight': None, 'max_depth': 20, 'min_samples_leaf': 1, 'min_samples_split': 2, 'n_estimators': 300}",0.9797101449275363,0.9771428571428571,0.9828571428571429,0.9855907780979827,0.98005698005698,0.9810715806164998,0.0028958303802109715,4
0.4446435451507568,0.004518728497963641,0.029889249801635744,0.002158928865341031,,20,1,5,100,"{'class_weight': None, 'max_depth': 20, 'min_samples_leaf': 1, 'min_samples_split': 5, 'n_estimators': 100}",0.9797101449275363,0.9771428571428571,0.9828571428571429,0.9827586206896551,0.9771428571428571,0.9799223245520098,0.0025358877189139073,31
0.8479132175445556,0.007506397269015645,0.05154600143432617,0.002648859532914681,,20,1,5,200,"{'class_weight': None, 'max_depth': 20, 'min_samples_leaf': 1, 'min_samples_split': 5, 'n_estimators': 200}",0.9797101449275363,0.9771428571428571,0.9828571428571429,0.9827586206896551,0.9771428571428571,0.9799223245520098,0.0025358877189139073,31
1.2642261981964111,0.01065102698237036,0.07173800468444824,0.0017606921022472342,,20,1,5,300,"{'class_weight': None, 'max_depth': 20, 'min_samples_leaf': 1, 'min_samples_split': 5, 'n_estimators': 300}",0.9797101449275363,0.9771428571428571,0.9828571428571429,0.9827586206896551,0.9771428571428571,0.9799223245520098,0.0025358877189139073,31
0.42833561897277833,0.009214026878640764,0.0315131664276123,0.003531884153429013,,20,1,10,100,"{'class_weight': None, 'max_depth': 20, 'min_samples_leaf': 1, 'min_samples_split': 10, 'n_estimators': 100}",0.976878612716763,0.9771428571428571,0.9828571428571429,0.9827586206896551,0.98005698005698,0.9799388426926796,0.0025947686964079204,28
0.8377816200256347,0.006096599155072171,0.047637128829956056,0.002310135173735543,,20,1,10,200,"{'class_weight': None, 'max_depth': 20, 'min_samples_leaf': 1, 'min_samples_split': 10, 'n_estimators': 200}",0.976878612716763,0.9771428571428571,0.9828571428571429,0.9827586206896551,0.9771428571428571,0.9793560181098551,0.002820258116752494,78
1.274012565612793,0.005830928038543989,0.0656980037689209,0.002435521471917301,,20,1,10,300,"{'class_weight': None, 'max_depth': 20, 'min_samples_leaf': 1, 'min_samples_split': 10, 'n_estimators': 300}",0.976878612716763,0.9771428571428571,0.9828571428571429,0.9827586206896551,0.9771428571428571,0.9793560181098551,0.002820258116752494,78
0.4186131954193115,0.008390217483024811,0.031038951873779298,0.0021777538094019575,,20,2,2,100,"{'class_weight': None, 'max_depth': 20, 'min_samples_leaf': 2, 'min_samples_split': 2, 'n_estimators': 100}",0.9797101449275363,0.9771428571428571,0.9828571428571429,0.9827586206896551,0.9743589743589743,0.9793655479952331,0.003281129629734771,76
0.8686333656311035,0.022925047955897896,0.054341363906860354,0.003262284954657098,,20,2,2,200,"{'class_weight': None, 'max_depth': 20, 'min_samples_leaf': 2, 'min_samples_split': 2, 'n_estimators': 200}",0.9798270893371758,0.9771428571428571,0.9828571428571429,0.9827586206896551,0.9743589743589743,0.9793889368771611,0.0032839182816019486,55
1.4021665096282958,0.12510733561998733,0.09513506889343262,0.058453208013331634,,20,2,2,300,"{'class_weight': None, 'max_depth': 20, 'min_samples_leaf': 2, 'min_samples_split': 2, 'n_estimators': 300}",0.9798270893371758,0.9771428571428571,0.9828571428571429,0.9827586206896551,0.9743589743589743,0.9793889368771611,0.0032839182816019486,55
0.4336049556732178,0.005503632581865885,0.033582878112792966,0.0021809205230493346,,20,2,5,100,"{'class_weight': None, 'max_depth': 20, 'min_samples_leaf': 2, 'min_samples_split': 5, 'n_estimators': 100}",0.976878612716763,0.9771428571428571,0.98005698005698,0.9799426934097422,0.9743589743589743,0.9776760235370634,0.002132120631275237,107
0.9205686092376709,0.2591324430142753,0.04085431098937988,0.016293237344642452,,20,2,5,200,"{'class_weight': None, 'max_depth': 20, 'min_samples_leaf': 2, 'min_samples_split': 5, 'n_estimators': 200}",0.976878612716763,0.9771428571428571,0.9828571428571429,0.9827586206896551,0.9743589743589743,0.9787992415530784,0.0034144294790501807,93
1.3128611087799071,0.41879812153093837,0.06281609535217285,0.023083569496627255,,20,2,5,300,"{'class_weight': None, 'max_depth': 20, 'min_samples_leaf': 2, 'min_samples_split': 5, 'n_estimators': 300}",0.976878612716763,0.9771428571428571,0.9828571428571429,0.9827586206896551,0.9743589743589743,0.9787992415530784,0.0034144294790501807,93
0.32651576995849607,0.20415589276892965,0.018472909927368164,0.005154585086170989,,20,2,10,100,"{'class_weight': None, 'max_depth': 20, 'min_samples_leaf': 2, 'min_samples_split': 10, 'n_estimators': 100}",0.9798270893371758,0.9771428571428571,0.9828571428571429,0.9827586206896551,0.9743589743589743,0.9793889368771611,0.0032839182816019486,55
0.3724835395812988,0.012887060462493112,0.02044987678527832,0.001240842645162454,,20,2,10,200,"{'class_weight': None, 'max_depth': 20, 'min_samples_leaf': 2, 'min_samples_split': 10, 'n_estimators': 200}",0.9798270893371758,0.9771428571428571,0.9828571428571429,0.9827586206896551,0.9743589743589743,0.9793889368771611,0.0032839182816019486,55
0.8034332752227783,0.2897943879664047,0.057675838470458984,0.02469793364074842,,20,2,10,300,"{'class_weight': None, 'max_depth': 20, 'min_samples_leaf': 2, 'min_samples_split': 10, 'n_estimators': 300}",0.9798270893371758,0.9771428571428571,0.9828571428571429,0.9827586206896551,0.9743589743589743,0.9793889368771611,0.0032839182816019486,55
0.2349766254425049,0.10316722835126983,0.018413782119750977,0.008297454156469092,,20,4,2,100,"{'class_weight': None, 'max_depth': 20, 'min_samples_leaf': 4, 'min_samples_split': 2, 'n_estimators': 100}",0.9827586206896551,0.9771428571428571,0.98005698005698,0.9827586206896551,0.9743589743589743,0.9794152105876244,0.0032710171277564007,37
0.5764838218688965,0.22865919233099744,0.028323888778686523,0.007326779166354273,,20,4,2,200,"{'class_weight': None, 'max_depth': 20, 'min_samples_leaf': 4, 'min_samples_split': 2, 'n_estimators': 200}",0.976878612716763,0.9771428571428571,0.98005698005698,0.9827586206896551,0.9743589743589743,0.978239208993046,0.002892708217094162,99
0.7523177623748779,0.34712061561994373,0.03534841537475586,0.01373580372562246,,20,4,2,300,"{'class_weight': None, 'max_depth': 20, 'min_samples_leaf': 4, 'min_samples_split': 2, 'n_estimators': 300}",0.9827586206896551,0.9771428571428571,0.9828571428571429,0.9827586206896551,0.9743589743589743,0.9799752431476568,0.0035599048471848613,13
0.28301105499267576,0.1306242960519278,0.022178030014038085,0.009704315231613197,,20,4,5,100,"{'class_weight': None, 'max_depth': 20, 'min_samples_leaf': 4, 'min_samples_split': 5, 'n_estimators': 100}",0.9827586206896551,0.9771428571428571,0.98005698005698,0.9827586206896551,0.9743589743589743,0.9794152105876244,0.0032710171277564007,37
0.5451775074005127,0.2590003211085693,0.029606103897094727,0.013580966862003052,,20,4,5,200,"{'class_weight': None, 'max_depth': 20, 'min_samples_leaf': 4, 'min_samples_split': 5, 'n_estimators': 200}",0.976878612716763,0.9771428571428571,0.98005698005698,0.9827586206896551,0.9743589743589743,0.978239208993046,0.002892708217094162,99
0.7255923271179199,0.19582825365784523,0.03227849006652832,0.00448040868157046,,20,4,5,300,"{'class_weight': None, 'max_depth': 20, 'min_samples_leaf': 4, 'min_samples_split': 5, 'n_estimators': 300}",0.9827586206896551,0.9771428571428571,0.9828571428571429,0.9827586206896551,0.9743589743589743,0.9799752431476568,0.0035599048471848613,13
0.27570443153381347,0.1058654049275744,0.01987032890319824,0.006985356370300821,,20,4,10,100,"{'class_weight': None, 'max_depth': 20, 'min_samples_leaf': 4, 'min_samples_split': 10, 'n_estimators': 100}",0.9827586206896551,0.9771428571428571,0.9828571428571429,0.9827586206896551,0.9714285714285714,0.9793891625615763,0.004542032203876022,50
0.4995166301727295,0.19573323678058568,0.030162954330444337,0.011705118693721157,,20,4,10,200,"{'class_weight': None, 'max_depth': 20, 'min_samples_leaf': 4, 'min_samples_split': 10, 'n_estimators': 200}",0.9827586206896551,0.9771428571428571,0.9828571428571429,0.9827586206896551,0.9714285714285714,0.9793891625615763,0.004542032203876022,50
0.6783645153045654,0.16682887411337866,0.04083070755004883,0.024210553424492503,,20,4,10,300,"{'class_weight': None, 'max_depth': 20, 'min_samples_leaf': 4, 'min_samples_split': 10, 'n_estimators': 300}",0.9827586206896551,0.9771428571428571,0.9799426934097422,0.9827586206896551,0.9743589743589743,0.9793923532581766,0.0032668493396134316,47
0.37800960540771483,0.11815277531818748,0.01816859245300293,0.005548753905664997,balanced,,1,2,100,"{'class_weight': 'balanced', 'max_depth': None, 'min_samples_leaf': 1, 'min_samples_split': 2, 'n_estimators': 100}",0.9764705882352941,0.9799426934097422,0.9798270893371758,0.967741935483871,0.9798270893371758,0.9767618791606518,0.004697932321250323,109
0.46024603843688966,0.08911794829831467,0.029692363739013673,0.015441302753423924,balanced,,1,2,200,"{'class_weight': 'balanced', 'max_depth': None, 'min_samples_leaf': 1, 'min_samples_split': 2, 'n_estimators': 200}",0.9794721407624634,0.9827586206896551,0.9798270893371758,0.9647058823529412,0.976878612716763,0.9767284691717997,0.006293759527596663,111
1.2105185031890868,0.34392760199169925,0.06085362434387207,0.025149039863285382,balanced,,1,2,300,"{'class_weight': 'balanced', 'max_depth': None, 'min_samples_leaf': 1, 'min_samples_split': 2, 'n_estimators': 300}",0.9766081871345029,0.9827586206896551,0.9798270893371758,0.9647058823529412,0.976878612716763,0.9761556784462077,0.006146597967177107,115
0.24111223220825195,0.12204460881017155,0.01833500862121582,0.006269552284044635,balanced,,1,5,100,"{'class_weight': 'balanced', 'max_depth': None, 'min_samples_leaf': 1, 'min_samples_split': 5, 'n_estimators': 100}",0.9736070381231672,0.9855907780979827,0.9707602339181286,0.9583333333333334,0.9740634005763689,0.9724709568097962,0.008703507786042895,138
0.5222790718078614,0.244131246445421,0.025991201400756836,0.00793500545889167,balanced,,1,5,200,"{'class_weight': 'balanced', 'max_depth': None, 'min_samples_leaf': 1, 'min_samples_split': 5, 'n_estimators': 200}",0.9764705882352941,0.9855907780979827,0.9737609329446064,0.9616519174041298,0.9797101449275363,0.9754368723219098,0.007940591725338493,119
0.7624542236328125,0.3459242219799863,0.03524308204650879,0.006714924159485972,balanced,,1,5,300,"{'class_weight': 'balanced', 'max_depth': None, 'min_samples_leaf': 1, 'min_samples_split': 5, 'n_estimators': 300}",0.9764705882352941,0.9855907780979827,0.9709302325581395,0.9616519174041298,0.9797101449275363,0.9748707322446165,0.00813834677279092,121
0.26421408653259276,0.11641293591220152,0.016894817352294922,0.006238675206739395,balanced,,1,10,100,"{'class_weight': 'balanced', 'max_depth': None, 'min_samples_leaf': 1, 'min_samples_split': 10, 'n_estimators': 100}",0.9764705882352941,0.9737609329446064,0.9644970414201184,0.9552238805970149,0.9764705882352941,0.9692846062864657,0.008293840579027557,158
0.5026173114776611,0.16576204185178262,0.029294729232788086,0.009669019154952803,balanced,,1,10,200,"{'class_weight': 'balanced', 'max_depth': None, 'min_samples_leaf': 1, 'min_samples_split': 10, 'n_estimators': 200}",0.9764705882352941,0.9767441860465116,0.9614243323442137,0.9552238805970149,0.9764705882352941,0.9692667150916657,0.009147768211112833,160
0.5612249851226807,0.09589169792872283,0.030398797988891602,0.0009885049059458135,balanced,,1,10,300,"{'class_weight': 'balanced', 'max_depth': None, 'min_samples_leaf': 1, 'min_samples_split': 10, 'n_estimators': 300}",0.9764705882352941,0.9767441860465116,0.9644970414201184,0.9552238805970149,0.9794721407624634,0.9704815674122805,0.009214453104171952,153
0.22460875511169434,0.10622048964810978,0.0197115421295166,0.01265640571453813,balanced,,2,2,100,"{'class_weight': 'balanced', 'max_depth': None, 'min_samples_leaf': 2, 'min_samples_split': 2, 'n_estimators': 100}",0.9764705882352941,0.9797101449275363,0.9616519174041298,0.9614243323442137,0.9737609329446064,0.970603583171156,0.0076382071035782685,151
0.453568172454834,0.17955680902734292,0.028212833404541015,0.009491012672216852,balanced,,2,2,200,"{'class_weight': 'balanced', 'max_depth': None, 'min_samples_leaf': 2, 'min_samples_split': 2, 'n_estimators': 200}",0.9764705882352941,0.9855907780979827,0.9647058823529412,0.9614243323442137,0.9795918367346939,0.9735566835530252,0.009113330606072499,130
1.0169160842895508,0.1678777374351946,0.034212923049926756,0.008536163234141055,balanced,,2,2,300,"{'class_weight': 'balanced', 'max_depth': None, 'min_samples_leaf': 2, 'min_samples_split': 2, 'n_estimators': 300}",0.9764705882352941,0.9855907780979827,0.9647058823529412,0.9614243323442137,0.9795918367346939,0.9735566835530252,0.009113330606072499,130
0.18188581466674805,0.00658823185434064,0.01466665267944336,0.0009580831968515545,balanced,,2,5,100,"{'class_weight': 'balanced', 'max_depth': None, 'min_samples_leaf': 2, 'min_samples_split': 5, 'n_estimators': 100}",0.9764705882352941,0.9826589595375722,0.9644970414201184,0.9583333333333334,0.9795918367346939,0.9723103518522024,0.009314785413177989,140
0.5240612506866456,0.21435850937372294,0.028656864166259767,0.008215638343761556,balanced,,2,5,200,"{'class_weight': 'balanced', 'max_depth': None, 'min_samples_leaf': 2, 'min_samples_split': 5, 'n_estimators': 200}",0.9764705882352941,0.9855907780979827,0.967551622418879,0.9614243323442137,0.9795918367346939,0.9741258315662126,0.008618217956338036,128
0.5505575656890869,0.10671375507067048,0.02939906120300293,0.0008673217876056713,balanced,,2,5,300,"{'class_weight': 'balanced', 'max_depth': None, 'min_samples_leaf': 2, 'min_samples_split': 5, 'n_estimators': 300}",0.9764705882352941,0.9826589595375722,0.9705882352941176,0.9614243323442137,0.9824561403508771,0.9747196511524148,0.007997321584463807,124
0.18217253684997559,0.024361674323999598,0.01457200050354004,0.0016120637245044358,balanced,,2,10,100,"{'class_weight': 'balanced', 'max_depth': None, 'min_samples_leaf': 2, 'min_samples_split': 10, 'n_estimators': 100}",0.9734513274336283,0.9767441860465116,0.9614243323442137,0.9520958083832335,0.9704142011834319,0.9668259710782039,0.008958762462693509,175
0.48426022529602053,0.18383627300064834,0.029422569274902343,0.016031930311138663,balanced,,2,10,200,"{'class_weight': 'balanced', 'max_depth': None, 'min_samples_leaf': 2, 'min_samples_split': 10, 'n_estimators': 200}",0.9764705882352941,0.9767441860465116,0.9583333333333334,0.9520958083832335,0.9673590504451038,0.9662005932886955,0.009785917472201158,188
0.5937058448791503,0.0935425347616926,0.029334306716918945,0.002869100025302113,balanced,,2,10,300,"{'class_weight': 'balanced', 'max_depth': None, 'min_samples_leaf': 2, 'min_samples_split': 10, 'n_estimators': 300}",0.9764705882352941,0.9797101449275363,0.9614243323442137,0.9520958083832335,0.9734513274336283,0.9686304402647812,0.010322700921070306,168
0.33584275245666506,0.0857359706040144,0.01937522888183594,0.008983479689930877,balanced,,4,2,100,"{'class_weight': 'balanced', 'max_depth': None, 'min_samples_leaf': 4, 'min_samples_split': 2, 'n_estimators': 100}",0.9704142011834319,0.9737609329446064,0.9583333333333334,0.9520958083832335,0.9704142011834319,0.9650036954056075,0.008322783577815768,199
0.5345362663269043,0.240257846497578,0.03665757179260254,0.017793706232210525,balanced,,4,2,200,"{'class_weight': 'balanced', 'max_depth': None, 'min_samples_leaf': 4, 'min_samples_split': 2, 'n_estimators': 200}",0.9704142011834319,0.9737609329446064,0.9583333333333334,0.9520958083832335,0.9673590504451038,0.9643926652579419,0.00800938159659317,205
0.785646915435791,0.3073698182349724,0.04011335372924805,0.02420986455864045,balanced,,4,2,300,"{'class_weight': 'balanced', 'max_depth': None, 'min_samples_leaf': 4, 'min_samples_split': 2, 'n_estimators': 300}",0.9734513274336283,0.9737609329446064,0.9583333333333334,0.9520958083832335,0.9734513274336283,0.9662185459056859,0.00919937119531587,184
0.3207376003265381,0.11145099669025281,0.031208038330078125,0.02221735596546908,balanced,,4,5,100,"{'class_weight': 'balanced', 'max_depth': None, 'min_samples_leaf': 4, 'min_samples_split': 5, 'n_estimators': 100}",0.9704142011834319,0.9737609329446064,0.9583333333333334,0.9520958083832335,0.9704142011834319,0.9650036954056075,0.008322783577815768,199
0.43305130004882814,0.15593432441453925,0.023826742172241212,0.005612247032536262,balanced,,4,5,200,"{'class_weight': 'balanced', 'max_depth': None, 'min_samples_leaf': 4, 'min_samples_split': 5, 'n_estimators': 200}",0.9704142011834319,0.9737609329446064,0.9583333333333334,0.9520958083832335,0.9673590504451038,0.9643926652579419,0.00800938159659317,205
0.7306316375732422,0.29219861793899865,0.031938028335571286,0.0055565625342318655,balanced,,4,5,300,"{'class_weight': 'balanced', 'max_depth': None, 'min_samples_leaf': 4, 'min_samples_split': 5, 'n_estimators': 300}",0.9734513274336283,0.9737609329446064,0.9583333333333334,0.9520958083832335,0.9734513274336283,0.9662185459056859,0.00919937119531587,184
0.23954458236694337,0.0837601827837485,0.019222164154052736,0.0065467113617851715,balanced,,4,10,100,"{'class_weight': 'balanced', 'max_depth': None, 'min_samples_leaf': 4, 'min_samples_split': 10, 'n_estimators': 100}",0.9704142011834319,0.9737609329446064,0.9552238805970149,0.9520958083832335,0.9673590504451038,0.9637707747106783,0.008557667174192003,214
0.36910309791564944,0.07472800642048848,0.02114267349243164,0.0011660393916824471,balanced,,4,10,200,"{'class_weight': 'balanced', 'max_depth': None, 'min_samples_leaf': 4, 'min_samples_split': 10, 'n_estimators': 200}",0.9704142011834319,0.9766081871345029,0.9552238805970149,0.9520958083832335,0.9704142011834319,0.9649512556963231,0.009544170464602299,203
0.6629220008850097,0.24948491446519722,0.028644800186157227,0.0008501330694871128,balanced,,4,10,300,"{'class_weight': 'balanced', 'max_depth': None, 'min_samples_leaf': 4, 'min_samples_split': 10, 'n_estimators': 300}",0.9734513274336283,0.9766081871345029,0.9583333333333334,0.9520958083832335,0.9734513274336283,0.9667879967436652,0.009721911574174269,181
0.2546955108642578,0.0850778206413546,0.020160579681396486,0.008936109339490185,balanced,5,1,2,100,"{'class_weight': 'balanced', 'max_depth': 5, 'min_samples_leaf': 1, 'min_samples_split': 2, 'n_estimators': 100}",0.9734513274336283,0.9825581395348837,0.967551622418879,0.9552238805970149,0.9794721407624634,0.971651422149374,0.009695692466961186,146
0.42963061332702634,0.10225701652773905,0.030694866180419923,0.020196901566242428,balanced,5,1,2,200,"{'class_weight': 'balanced', 'max_depth': 5, 'min_samples_leaf': 1, 'min_samples_split': 2, 'n_estimators': 200}",0.9734513274336283,0.9855072463768116,0.967551622418879,0.9523809523809523,0.9794721407624634,0.9716726578745469,0.011353803519744023,144
0.635451078414917,0.15449340950565232,0.04230184555053711,0.026845088550553856,balanced,5,1,2,300,"{'class_weight': 'balanced', 'max_depth': 5, 'min_samples_leaf': 1, 'min_samples_split': 2, 'n_estimators': 300}",0.9734513274336283,0.9855072463768116,0.967551622418879,0.9523809523809523,0.9794721407624634,0.9716726578745469,0.011353803519744023,144
0.34040164947509766,0.14702713963266814,0.027943849563598633,0.009862139825778419,balanced,5,1,5,100,"{'class_weight': 'balanced', 'max_depth': 5, 'min_samples_leaf': 1, 'min_samples_split': 5, 'n_estimators': 100}",0.9734513274336283,0.9825581395348837,0.967551622418879,0.9552238805970149,0.9794721407624634,0.971651422149374,0.009695692466961186,146
0.6000017166137696,0.2698438755743921,0.040323638916015626,0.02131295589774803,balanced,5,1,5,200,"{'class_weight': 'balanced', 'max_depth': 5, 'min_samples_leaf': 1, 'min_samples_split': 5, 'n_estimators': 200}",0.9734513274336283,0.9855072463768116,0.967551622418879,0.9552238805970149,0.9794721407624634,0.9722412435177595,0.01040500068938669,142
0.9435052394866943,0.49461859605861364,0.05526247024536133,0.03458423548757064,balanced,5,1,5,300,"{'class_weight': 'balanced', 'max_depth': 5, 'min_samples_leaf': 1, 'min_samples_split': 5, 'n_estimators': 300}",0.9734513274336283,0.9825581395348837,0.967551622418879,0.9552238805970149,0.9794721407624634,0.971651422149374,0.009695692466961186,146
0.28389863967895507,0.13671027835483265,0.02243971824645996,0.0185113707813293,balanced,5,1,10,100,"{'class_weight': 'balanced', 'max_depth': 5, 'min_samples_leaf': 1, 'min_samples_split': 10, 'n_estimators': 100}",0.9734513274336283,0.9795918367346939,0.9583333333333334,0.9552238805970149,0.9673590504451038,0.966791885708755,0.009098070528904134,178
0.48060898780822753,0.263572184570735,0.020517444610595702,0.0017275125348873784,balanced,5,1,10,200,"{'class_weight': 'balanced', 'max_depth': 5, 'min_samples_leaf': 1, 'min_samples_split': 10, 'n_estimators': 200}",0.9734513274336283,0.9825581395348837,0.9614243323442137,0.9552238805970149,0.9734513274336283,0.9692218014686738,0.009699257768188451,165
0.7219837665557861,0.2729433048673299,0.028874778747558595,0.0027311375482599134,balanced,5,1,10,300,"{'class_weight': 'balanced', 'max_depth': 5, 'min_samples_leaf': 1, 'min_samples_split': 10, 'n_estimators': 300}",0.9734513274336283,0.9825581395348837,0.9614243323442137,0.9552238805970149,0.9794721407624634,0.9704259641344407,0.010491029819710429,157
0.2698348045349121,0.19351933515159356,0.020452308654785156,0.014750915541156854,balanced,5,2,2,100,"{'class_weight': 'balanced', 'max_depth': 5, 'min_samples_leaf': 2, 'min_samples_split': 2, 'n_estimators': 100}",0.9764705882352941,0.9795918367346939,0.9644970414201184,0.9552238805970149,0.9704142011834319,0.9692395096341105,0.008715135528908517,163
0.4822718143463135,0.17131584543775671,0.022666406631469727,0.0019597514661460896,balanced,5,2,2,200,"{'class_weight': 'balanced', 'max_depth': 5, 'min_samples_leaf': 2, 'min_samples_split': 2, 'n_estimators': 200}",0.9764705882352941,0.9795918367346939,0.9644970414201184,0.9552238805970149,0.9704142011834319,0.9692395096341105,0.008715135528908517,163
0.6464675426483154,0.3002199844145358,0.030700063705444335,0.008545225274019417,balanced,5,2,2,300,"{'class_weight': 'balanced', 'max_depth': 5, 'min_samples_leaf': 2, 'min_samples_split': 2, 'n_estimators': 300}",0.9764705882352941,0.9795918367346939,0.967551622418879,0.9552238805970149,0.9734513274336283,0.970457851083902,0.008591433226484634,155
0.3295548439025879,0.13149684389516814,0.024936342239379884,0.015032749873588533,balanced,5,2,5,100,"{'class_weight': 'balanced', 'max_depth': 5, 'min_samples_leaf': 2, 'min_samples_split': 5, 'n_estimators': 100}",0.9764705882352941,0.9766081871345029,0.9644970414201184,0.9552238805970149,0.9704142011834319,0.9686427797140723,0.008063674536539672,167
0.5199507713317871,0.1798238034234906,0.023244047164916994,0.00441718436370894,balanced,5,2,5,200,"{'class_weight': 'balanced', 'max_depth': 5, 'min_samples_leaf': 2, 'min_samples_split': 5, 'n_estimators': 200}",0.9764705882352941,0.9795918367346939,0.967551622418879,0.9552238805970149,0.9734513274336283,0.970457851083902,0.008591433226484634,155
0.5936941623687744,0.2294859662064073,0.03431539535522461,0.012958001487978868,balanced,5,2,5,300,"{'class_weight': 'balanced', 'max_depth': 5, 'min_samples_leaf': 2, 'min_samples_split': 5, 'n_estimators': 300}",0.9764705882352941,0.9795918367346939,0.967551622418879,0.9552238805970149,0.9764705882352941,0.9710617032442352,0.008881807751391444,150
0.27649126052856443,0.09223879201393477,0.021543121337890624,0.007169975870051854,balanced,5,2,10,100,"{'class_weight': 'balanced', 'max_depth': 5, 'min_samples_leaf': 2, 'min_samples_split': 10, 'n_estimators': 100}",0.9734513274336283,0.9766081871345029,0.9552238805970149,0.9552238805970149,0.9673590504451038,0.965573265241453,0.008958146224751351,198
0.3937100410461426,0.161573312255021,0.026166629791259766,0.009381074423171314,balanced,5,2,10,200,"{'class_weight': 'balanced', 'max_depth': 5, 'min_samples_leaf': 2, 'min_samples_split': 10, 'n_estimators': 200}",0.9734513274336283,0.9825581395348837,0.9583333333333334,0.9552238805970149,0.9673590504451038,0.9673851462687928,0.009968456848756203,174
0.715515422821045,0.2969401358188917,0.0419001579284668,0.01702166930010421,balanced,5,2,10,300,"{'class_weight': 'balanced', 'max_depth': 5, 'min_samples_leaf': 2, 'min_samples_split': 10, 'n_estimators': 300}",0.9734513274336283,0.9795918367346939,0.9614243323442137,0.9520958083832335,0.9704142011834319,0.9673955012158402,0.009636095051715067,173
0.25663142204284667,0.07927225896627517,0.0194551944732666,0.005126854381681863,balanced,5,4,2,100,"{'class_weight': 'balanced', 'max_depth': 5, 'min_samples_leaf': 4, 'min_samples_split': 2, 'n_estimators': 100}",0.9734513274336283,0.9766081871345029,0.967551622418879,0.9520958083832335,0.9673590504451038,0.9674131991630694,0.008433876335234444,171
0.3803277015686035,0.1364979972232398,0.02560701370239258,0.010790206274277554,balanced,5,4,2,200,"{'class_weight': 'balanced', 'max_depth': 5, 'min_samples_leaf': 4, 'min_samples_split': 2, 'n_estimators': 200}",0.9673590504451038,0.9766081871345029,0.9644970414201184,0.9520958083832335,0.9704142011834319,0.9661948577132782,0.008114941846338297,190
0.6244492530822754,0.18849088267611638,0.02825932502746582,0.001992187249684216,balanced,5,4,2,300,"{'class_weight': 'balanced', 'max_depth': 5, 'min_samples_leaf': 4, 'min_samples_split': 2, 'n_estimators': 300}",0.9673590504451038,0.9795918367346939,0.9644970414201184,0.9520958083832335,0.9704142011834319,0.9667915876333163,0.008927738684854362,179
0.2063326358795166,0.0890728438663019,0.01436004638671875,0.003023269823081922,balanced,5,4,5,100,"{'class_weight': 'balanced', 'max_depth': 5, 'min_samples_leaf': 4, 'min_samples_split': 5, 'n_estimators': 100}",0.9734513274336283,0.9766081871345029,0.967551622418879,0.9520958083832335,0.9673590504451038,0.9674131991630694,0.008433876335234444,171
0.46640987396240235,0.17910750038785958,0.030054473876953126,0.010959122803226636,balanced,5,4,5,200,"{'class_weight': 'balanced', 'max_depth': 5, 'min_samples_leaf': 4, 'min_samples_split': 5, 'n_estimators': 200}",0.9673590504451038,0.9766081871345029,0.9644970414201184,0.9520958083832335,0.9704142011834319,0.9661948577132782,0.008114941846338297,190
0.6310198307037354,0.16488095868068428,0.04048728942871094,0.013699218132816738,balanced,5,4,5,300,"{'class_weight': 'balanced', 'max_depth': 5, 'min_samples_leaf': 4, 'min_samples_split': 5, 'n_estimators': 300}",0.9673590504451038,0.9795918367346939,0.9644970414201184,0.9520958083832335,0.9704142011834319,0.9667915876333163,0.008927738684854362,179
0.19493656158447265,0.06089848643507798,0.01726560592651367,0.00868696218324799,balanced,5,4,10,100,"{'class_weight': 'balanced', 'max_depth': 5, 'min_samples_leaf': 4, 'min_samples_split': 10, 'n_estimators': 100}",0.9704142011834319,0.9766081871345029,0.9644970414201184,0.9520958083832335,0.9673590504451038,0.9661948577132782,0.008114941846338297,190
0.39296665191650393,0.11475953002863039,0.02794656753540039,0.007621344471743365,balanced,5,4,10,200,"{'class_weight': 'balanced', 'max_depth': 5, 'min_samples_leaf': 4, 'min_samples_split': 10, 'n_estimators': 200}",0.9673590504451038,0.9766081871345029,0.9614243323442137,0.9520958083832335,0.9704142011834319,0.9655803158980971,0.008333647817922252,197
0.6510784149169921,0.19430838148598337,0.03621134757995605,0.011946297898775994,balanced,5,4,10,300,"{'class_weight': 'balanced', 'max_depth': 5, 'min_samples_leaf': 4, 'min_samples_split': 10, 'n_estimators': 300}",0.9673590504451038,0.9795918367346939,0.9614243323442137,0.9520958083832335,0.9704142011834319,0.9661770458181353,0.009167079894122177,194
0.2685994148254395,0.08282265082235729,0.01793680191040039,0.004318543229959922,balanced,10,1,2,100,"{'class_weight': 'balanced', 'max_depth': 10, 'min_samples_leaf': 1, 'min_samples_split': 2, 'n_estimators': 100}",0.9764705882352941,0.9827586206896551,0.9798270893371758,0.967741935483871,0.9740634005763689,0.976172326864473,0.005144795114435913,114
0.34441490173339845,0.04145165874251238,0.020981979370117188,0.0009172227355911879,balanced,10,1,2,200,"{'class_weight': 'balanced', 'max_depth': 10, 'min_samples_leaf': 1, 'min_samples_split': 2, 'n_estimators': 200}",0.9764705882352941,0.9827586206896551,0.9826589595375722,0.9616519174041298,0.976878612716763,0.9760837397166828,0.0077051479131821435,117
0.5322587013244628,0.07535289333082236,0.0314328670501709,0.0028840580789591995,balanced,10,1,2,300,"{'class_weight': 'balanced', 'max_depth': 10, 'min_samples_leaf': 1, 'min_samples_split': 2, 'n_estimators': 300}",0.9764705882352941,0.9827586206896551,0.9826589595375722,0.9647058823529412,0.976878612716763,0.9766945327064451,0.00657509428627314,113
0.27260756492614746,0.0714960939616329,0.017655563354492188,0.005355861497250187,balanced,10,1,5,100,"{'class_weight': 'balanced', 'max_depth': 10, 'min_samples_leaf': 1, 'min_samples_split': 5, 'n_estimators': 100}",0.9764705882352941,0.9855907780979827,0.9649122807017544,0.9644970414201184,0.9739130434782609,0.9730767463866821,0.007862421792601182,136
0.605656909942627,0.24967886004700612,0.03507070541381836,0.017783583567567787,balanced,10,1,5,200,"{'class_weight': 'balanced', 'max_depth': 10, 'min_samples_leaf': 1, 'min_samples_split': 5, 'n_estimators': 200}",0.9764705882352941,0.9827586206896551,0.967930029154519,0.9616519174041298,0.9854227405247813,0.9748467792016757,0.008933428888031485,123
1.0046688079833985,0.5003340995273763,0.051696252822875974,0.025087281245723476,balanced,10,1,5,300,"{'class_weight': 'balanced', 'max_depth': 10, 'min_samples_leaf': 1, 'min_samples_split': 5, 'n_estimators': 300}",0.9764705882352941,0.9855907780979827,0.9709302325581395,0.9644970414201184,0.9825581395348837,0.9760093559692837,0.007658117683937231,118
0.3615603446960449,0.22062181108751006,0.03203792572021484,0.02474469387127825,balanced,10,1,10,100,"{'class_weight': 'balanced', 'max_depth': 10, 'min_samples_leaf': 1, 'min_samples_split': 10, 'n_estimators': 100}",0.9764705882352941,0.9737609329446064,0.9644970414201184,0.9552238805970149,0.9734513274336283,0.9686807541261325,0.007846515139133413,166
0.6704909324645996,0.3789873173706206,0.029740524291992188,0.013543432055170267,balanced,10,1,10,200,"{'class_weight': 'balanced', 'max_depth': 10, 'min_samples_leaf': 1, 'min_samples_split': 10, 'n_estimators': 200}",0.9764705882352941,0.9767441860465116,0.9614243323442137,0.9552238805970149,0.9764705882352941,0.9692667150916657,0.009147768211112833,160
0.6556361675262451,0.21519299832474806,0.03238492012023926,0.005597694003887654,balanced,10,1,10,300,"{'class_weight': 'balanced', 'max_depth': 10, 'min_samples_leaf': 1, 'min_samples_split': 10, 'n_estimators': 300}",0.9764705882352941,0.9797101449275363,0.9644970414201184,0.9552238805970149,0.9794721407624634,0.9710747591884854,0.009682123717711946,149
0.4344778060913086,0.20607718966233762,0.02484130859375,0.012067427819157034,balanced,10,2,2,100,"{'class_weight': 'balanced', 'max_depth': 10, 'min_samples_leaf': 2, 'min_samples_split': 2, 'n_estimators': 100}",0.9764705882352941,0.9826589595375722,0.967741935483871,0.9614243323442137,0.9766081871345029,0.9729808005470908,0.007483327835703103,137
0.37596869468688965,0.01705621532748333,0.022681808471679686,0.0021519863792087254,balanced,10,2,2,200,"{'class_weight': 'balanced', 'max_depth': 10, 'min_samples_leaf': 2, 'min_samples_split': 2, 'n_estimators': 200}",0.9764705882352941,0.9855907780979827,0.9647058823529412,0.9614243323442137,0.9795918367346939,0.9735566835530252,0.009113330606072499,130
0.5390043735504151,0.028209074665094463,0.029096651077270507,0.002722089519353937,balanced,10,2,2,300,"{'class_weight': 'balanced', 'max_depth': 10, 'min_samples_leaf': 2, 'min_samples_split': 2, 'n_estimators': 300}",0.9764705882352941,0.9855907780979827,0.967741935483871,0.9614243323442137,0.9795918367346939,0.9741638941792111,0.008589471033532248,127
0.3367000579833984,0.13351595116763143,0.039203739166259764,0.022719715580484856,balanced,10,2,5,100,"{'class_weight': 'balanced', 'max_depth': 10, 'min_samples_leaf': 2, 'min_samples_split': 5, 'n_estimators': 100}",0.9764705882352941,0.9797101449275363,0.9614243323442137,0.9614243323442137,0.9795918367346939,0.9717242469171902,0.008489732303168412,143
0.6489712715148925,0.19550307342007414,0.03190422058105469,0.012397132917887093,balanced,10,2,5,200,"{'class_weight': 'balanced', 'max_depth': 10, 'min_samples_leaf': 2, 'min_samples_split': 5, 'n_estimators': 200}",0.9764705882352941,0.9855907780979827,0.967551622418879,0.9614243323442137,0.9824561403508771,0.9746986922894493,0.00904703695824877,126
0.6888325214385986,0.29831298972055403,0.04028797149658203,0.019699792310398,balanced,10,2,5,300,"{'class_weight': 'balanced', 'max_depth': 10, 'min_samples_leaf': 2, 'min_samples_split': 5, 'n_estimators': 300}",0.9764705882352941,0.9826589595375722,0.967551622418879,0.9614243323442137,0.9794721407624634,0.9735155286596845,0.007868686536461573,135
0.20834221839904785,0.06620662102257302,0.013283300399780273,0.001160437724901025,balanced,10,2,10,100,"{'class_weight': 'balanced', 'max_depth': 10, 'min_samples_leaf': 2, 'min_samples_split': 10, 'n_estimators': 100}",0.9734513274336283,0.9766081871345029,0.9614243323442137,0.9520958083832335,0.9673590504451038,0.9661877411481365,0.008763446562107436,193
0.6580729007720947,0.22749003064968476,0.039637517929077146,0.019487615980193308,balanced,10,2,10,200,"{'class_weight': 'balanced', 'max_depth': 10, 'min_samples_leaf': 2, 'min_samples_split': 10, 'n_estimators': 200}",0.9764705882352941,0.9767441860465116,0.9583333333333334,0.9520958083832335,0.9704142011834319,0.9668116234363608,0.009933444348907694,177
0.7144205570220947,0.16884603521620123,0.041249322891235354,0.016042382005283514,balanced,10,2,10,300,"{'class_weight': 'balanced', 'max_depth': 10, 'min_samples_leaf': 2, 'min_samples_split': 10, 'n_estimators': 300}",0.9764705882352941,0.9767441860465116,0.9583333333333334,0.9520958083832335,0.9734513274336283,0.9674190486864003,0.010223784609819807,170
0.24115004539489746,0.12545163601963255,0.01439199447631836,0.0013945549936373374,balanced,10,4,2,100,"{'class_weight': 'balanced', 'max_depth': 10, 'min_samples_leaf': 4, 'min_samples_split': 2, 'n_estimators': 100}",0.9673590504451038,0.9737609329446064,0.9583333333333334,0.9520958083832335,0.9704142011834319,0.9643926652579419,0.00800938159659317,205
0.5764177799224853,0.26502994358446674,0.04313478469848633,0.019728407589070313,balanced,10,4,2,200,"{'class_weight': 'balanced', 'max_depth': 10, 'min_samples_leaf': 4, 'min_samples_split': 2, 'n_estimators': 200}",0.9673590504451038,0.9737609329446064,0.9583333333333334,0.9520958083832335,0.9673590504451038,0.9637816351102761,0.00763445773803342,212
0.620937728881836,0.06993104103062493,0.03678021430969238,0.01410374702817223,balanced,10,4,2,300,"{'class_weight': 'balanced', 'max_depth': 10, 'min_samples_leaf': 4, 'min_samples_split': 2, 'n_estimators': 300}",0.9704142011834319,0.9737609329446064,0.9583333333333334,0.9520958083832335,0.9734513274336283,0.9656111206556467,0.008793039512624112,195
0.33225140571594236,0.14169817762005923,0.025203943252563477,0.01564217179145032,balanced,10,4,5,100,"{'class_weight': 'balanced', 'max_depth': 10, 'min_samples_leaf': 4, 'min_samples_split': 5, 'n_estimators': 100}",0.9673590504451038,0.9737609329446064,0.9583333333333334,0.9520958083832335,0.9704142011834319,0.9643926652579419,0.00800938159659317,205
0.7415226936340332,0.1878379006987849,0.04658823013305664,0.03010587156934202,balanced,10,4,5,200,"{'class_weight': 'balanced', 'max_depth': 10, 'min_samples_leaf': 4, 'min_samples_split': 5, 'n_estimators': 200}",0.9673590504451038,0.9737609329446064,0.9583333333333334,0.9520958083832335,0.9673590504451038,0.9637816351102761,0.00763445773803342,212
0.5203390121459961,0.012120837602726081,0.03095402717590332,0.003406784921653902,balanced,10,4,5,300,"{'class_weight': 'balanced', 'max_depth': 10, 'min_samples_leaf': 4, 'min_samples_split': 5, 'n_estimators': 300}",0.9704142011834319,0.9737609329446064,0.9583333333333334,0.9520958083832335,0.9734513274336283,0.9656111206556467,0.008793039512624112,195
0.2926138401031494,0.14558188752810022,0.015394353866577148,0.00317902251194815,balanced,10,4,10,100,"{'class_weight': 'balanced', 'max_depth': 10, 'min_samples_leaf': 4, 'min_samples_split': 10, 'n_estimators': 100}",0.9704142011834319,0.9737609329446064,0.9552238805970149,0.9520958083832335,0.9673590504451038,0.9637707747106783,0.008557667174192003,214
0.5202463150024415,0.17044776514404442,0.026184701919555665,0.006538374258776922,balanced,10,4,10,200,"{'class_weight': 'balanced', 'max_depth': 10, 'min_samples_leaf': 4, 'min_samples_split': 10, 'n_estimators': 200}",0.9704142011834319,0.9736070381231672,0.9552238805970149,0.9520958083832335,0.9704142011834319,0.9643510258940559,0.008862201634760102,211
1.1775893211364745,0.5029985894495685,0.05528802871704101,0.028973199151839445,balanced,10,4,10,300,"{'class_weight': 'balanced', 'max_depth': 10, 'min_samples_leaf': 4, 'min_samples_split': 10, 'n_estimators': 300}",0.9734513274336283,0.9766081871345029,0.9583333333333334,0.9520958083832335,0.9734513274336283,0.9667879967436652,0.009721911574174269,181
0.4083570957183838,0.23883882209385632,0.02534174919128418,0.015975534166821376,balanced,20,1,2,100,"{'class_weight': 'balanced', 'max_depth': 20, 'min_samples_leaf': 1, 'min_samples_split': 2, 'n_estimators': 100}",0.9764705882352941,0.9799426934097422,0.9798270893371758,0.967741935483871,0.9798270893371758,0.9767618791606518,0.004697932321250323,109
0.8141821384429931,0.4083963949767412,0.045392513275146484,0.02050894941211734,balanced,20,1,2,200,"{'class_weight': 'balanced', 'max_depth': 20, 'min_samples_leaf': 1, 'min_samples_split': 2, 'n_estimators': 200}",0.9794721407624634,0.9827586206896551,0.9798270893371758,0.9647058823529412,0.976878612716763,0.9767284691717997,0.006293759527596663,111
0.9601463794708252,0.3273667306411245,0.05114669799804687,0.033522493230598846,balanced,20,1,2,300,"{'class_weight': 'balanced', 'max_depth': 20, 'min_samples_leaf': 1, 'min_samples_split': 2, 'n_estimators': 300}",0.9766081871345029,0.9827586206896551,0.9798270893371758,0.9647058823529412,0.976878612716763,0.9761556784462077,0.006146597967177107,115
0.4146690368652344,0.2625064195720727,0.039721441268920896,0.03281941929237709,balanced,20,1,5,100,"{'class_weight': 'balanced', 'max_depth': 20, 'min_samples_leaf': 1, 'min_samples_split': 5, 'n_estimators': 100}",0.9736070381231672,0.9855907780979827,0.9707602339181286,0.9583333333333334,0.9740634005763689,0.9724709568097962,0.008703507786042895,138
0.6383316040039062,0.38709126916523556,0.03563995361328125,0.016863805430367126,balanced,20,1,5,200,"{'class_weight': 'balanced', 'max_depth': 20, 'min_samples_leaf': 1, 'min_samples_split': 5, 'n_estimators': 200}",0.9764705882352941,0.9855907780979827,0.9737609329446064,0.9616519174041298,0.9797101449275363,0.9754368723219098,0.007940591725338493,119
1.1659101009368897,0.3149183359542003,0.04549155235290527,0.01661735660472413,balanced,20,1,5,300,"{'class_weight': 'balanced', 'max_depth': 20, 'min_samples_leaf': 1, 'min_samples_split': 5, 'n_estimators': 300}",0.9764705882352941,0.9855907780979827,0.9709302325581395,0.9616519174041298,0.9797101449275363,0.9748707322446165,0.00813834677279092,121
0.27370920181274416,0.10585050727482678,0.029954004287719726,0.024022872751751342,balanced,20,1,10,100,"{'class_weight': 'balanced', 'max_depth': 20, 'min_samples_leaf': 1, 'min_samples_split': 10, 'n_estimators': 100}",0.9764705882352941,0.9737609329446064,0.9644970414201184,0.9552238805970149,0.9764705882352941,0.9692846062864657,0.008293840579027557,158
0.3825361728668213,0.007786033589165765,0.026882696151733398,0.006747715597342467,balanced,20,1,10,200,"{'class_weight': 'balanced', 'max_depth': 20, 'min_samples_leaf': 1, 'min_samples_split': 10, 'n_estimators': 200}",0.9764705882352941,0.9767441860465116,0.9614243323442137,0.9552238805970149,0.9764705882352941,0.9692667150916657,0.009147768211112833,160
1.2025598526000976,0.23570310509594142,0.05120882987976074,0.011730698997788369,balanced,20,1,10,300,"{'class_weight': 'balanced', 'max_depth': 20, 'min_samples_leaf': 1, 'min_samples_split': 10, 'n_estimators': 300}",0.9764705882352941,0.9767441860465116,0.9644970414201184,0.9552238805970149,0.9794721407624634,0.9704815674122805,0.009214453104171952,153
0.22878618240356446,0.012161143689540193,0.015200424194335937,0.002262614360617518,balanced,20,2,2,100,"{'class_weight': 'balanced', 'max_depth': 20, 'min_samples_leaf': 2, 'min_samples_split': 2, 'n_estimators': 100}",0.9764705882352941,0.9797101449275363,0.9616519174041298,0.9614243323442137,0.9737609329446064,0.970603583171156,0.0076382071035782685,151
0.5668238162994385,0.19868344397020266,0.03648929595947266,0.011618717960549358,balanced,20,2,2,200,"{'class_weight': 'balanced', 'max_depth': 20, 'min_samples_leaf': 2, 'min_samples_split': 2, 'n_estimators': 200}",0.9764705882352941,0.9855907780979827,0.9647058823529412,0.9614243323442137,0.9795918367346939,0.9735566835530252,0.009113330606072499,130
0.7030820369720459,0.24784865726627225,0.03758769035339356,0.010573877721001304,balanced,20,2,2,300,"{'class_weight': 'balanced', 'max_depth': 20, 'min_samples_leaf': 2, 'min_samples_split': 2, 'n_estimators': 300}",0.9764705882352941,0.9855907780979827,0.9647058823529412,0.9614243323442137,0.9795918367346939,0.9735566835530252,0.009113330606072499,130
0.20088567733764648,0.0160004575070762,0.015470552444458007,0.000721793737969544,balanced,20,2,5,100,"{'class_weight': 'balanced', 'max_depth': 20, 'min_samples_leaf': 2, 'min_samples_split': 5, 'n_estimators': 100}",0.9764705882352941,0.9826589595375722,0.9644970414201184,0.9583333333333334,0.9795918367346939,0.9723103518522024,0.009314785413177989,140
0.5177126407623291,0.20418273502744846,0.02712860107421875,0.007355702074207424,balanced,20,2,5,200,"{'class_weight': 'balanced', 'max_depth': 20, 'min_samples_leaf': 2, 'min_samples_split': 5, 'n_estimators': 200}",0.9764705882352941,0.9855907780979827,0.967551622418879,0.9614243323442137,0.9795918367346939,0.9741258315662126,0.008618217956338036,128
0.7530879020690918,0.30046745561763694,0.03563899993896484,0.008119901389486013,balanced,20,2,5,300,"{'class_weight': 'balanced', 'max_depth': 20, 'min_samples_leaf': 2, 'min_samples_split': 5, 'n_estimators': 300}",0.9764705882352941,0.9826589595375722,0.9705882352941176,0.9614243323442137,0.9824561403508771,0.9747196511524148,0.007997321584463807,124
0.20166730880737305,0.08189984098187872,0.014791011810302734,0.004561257830384586,balanced,20,2,10,100,"{'class_weight': 'balanced', 'max_depth': 20, 'min_samples_leaf': 2, 'min_samples_split': 10, 'n_estimators': 100}",0.9734513274336283,0.9767441860465116,0.9614243323442137,0.9520958083832335,0.9704142011834319,0.9668259710782039,0.008958762462693509,175
0.40504956245422363,0.0866521612927157,0.02276616096496582,0.004113789077923355,balanced,20,2,10,200,"{'class_weight': 'balanced', 'max_depth': 20, 'min_samples_leaf': 2, 'min_samples_split': 10, 'n_estimators': 200}",0.9764705882352941,0.9767441860465116,0.9583333333333334,0.9520958083832335,0.9673590504451038,0.9662005932886955,0.009785917472201158,188
0.6922455310821534,0.3430747802575985,0.03859148025512695,0.00863658424357771,balanced,20,2,10,300,"{'class_weight': 'balanced', 'max_depth': 20, 'min_samples_leaf': 2, 'min_samples_split': 10, 'n_estimators': 300}",0.9764705882352941,0.9797101449275363,0.9614243323442137,0.9520958083832335,0.9734513274336283,0.9686304402647812,0.010322700921070306,168
0.31721906661987304,0.11649301097496556,0.02893037796020508,0.013617897657312408,balanced,20,4,2,100,"{'class_weight': 'balanced', 'max_depth': 20, 'min_samples_leaf': 4, 'min_samples_split': 2, 'n_estimators': 100}",0.9704142011834319,0.9737609329446064,0.9583333333333334,0.9520958083832335,0.9704142011834319,0.9650036954056075,0.008322783577815768,199
0.6267821311950683,0.23196384331866673,0.03983826637268066,0.01573702065285956,balanced,20,4,2,200,"{'class_weight': 'balanced', 'max_depth': 20, 'min_samples_leaf': 4, 'min_samples_split': 2, 'n_estimators': 200}",0.9704142011834319,0.9737609329446064,0.9583333333333334,0.9520958083832335,0.9673590504451038,0.9643926652579419,0.00800938159659317,205
0.7181280136108399,0.20586032438794397,0.032317304611206056,0.007957911840794231,balanced,20,4,2,300,"{'class_weight': 'balanced', 'max_depth': 20, 'min_samples_leaf': 4, 'min_samples_split': 2, 'n_estimators': 300}",0.9734513274336283,0.9737609329446064,0.9583333333333334,0.9520958083832335,0.9734513274336283,0.9662185459056859,0.00919937119531587,184
0.3742112159729004,0.13592653158228513,0.025097131729125977,0.009115381275821142,balanced,20,4,5,100,"{'class_weight': 'balanced', 'max_depth': 20, 'min_samples_leaf': 4, 'min_samples_split': 5, 'n_estimators': 100}",0.9704142011834319,0.9737609329446064,0.9583333333333334,0.9520958083832335,0.9704142011834319,0.9650036954056075,0.008322783577815768,199
0.6225076198577881,0.3107813722927167,0.02252058982849121,0.0021543130316264503,balanced,20,4,5,200,"{'class_weight': 'balanced', 'max_depth': 20, 'min_samples_leaf': 4, 'min_samples_split': 5, 'n_estimators': 200}",0.9704142011834319,0.9737609329446064,0.9583333333333334,0.9520958083832335,0.9673590504451038,0.9643926652579419,0.00800938159659317,205
0.7993673801422119,0.2324506412241528,0.038782691955566405,0.014678854123649936,balanced,20,4,5,300,"{'class_weight': 'balanced', 'max_depth': 20, 'min_samples_leaf': 4, 'min_samples_split': 5, 'n_estimators': 300}",0.9734513274336283,0.9737609329446064,0.9583333333333334,0.9520958083832335,0.9734513274336283,0.9662185459056859,0.00919937119531587,184
0.4643423557281494,0.18823948705206764,0.018570423126220703,0.007938108295893094,balanced,20,4,10,100,"{'class_weight': 'balanced', 'max_depth': 20, 'min_samples_leaf': 4, 'min_samples_split': 10, 'n_estimators': 100}",0.9704142011834319,0.9737609329446064,0.9552238805970149,0.9520958083832335,0.9673590504451038,0.9637707747106783,0.008557667174192003,214
0.5242868423461914,0.18534985229932646,0.022575998306274415,0.0014827085441314076,balanced,20,4,10,200,"{'class_weight': 'balanced', 'max_depth': 20, 'min_samples_leaf': 4, 'min_samples_split': 10, 'n_estimators': 200}",0.9704142011834319,0.9766081871345029,0.9552238805970149,0.9520958083832335,0.9704142011834319,0.9649512556963231,0.009544170464602299,203
0.6211870670318603,0.07301604740049049,0.03553628921508789,0.006513751650849222,balanced,20,4,10,300,"{'class_weight': 'balanced', 'max_depth': 20, 'min_samples_leaf': 4, 'min_samples_split': 10, 'n_estimators': 300}",0.9734513274336283,0.9766081871345029,0.9583333333333334,0.9520958083832335,0.9734513274336283,0.9667879967436652,0.009721911574174269,181
