Sample_Order,Window,HR_Mean,SpO2_Mean,Flow_Mean,Sleep_Label,Batch_ID
1,249,64.33333333333333,78.33333333333333,0.5600383333333333,1,20
2,899,54.36666666666667,89.3,-0.11521500000000001,1,72
3,873,67.7,92.93333333333334,1.4783133333333334,0,67
4,698,53.4,90.83333333333333,-0.013044999999999998,1,52
5,332,71.53333333333333,95.06666666666666,-0.40296833333333326,0,33
6,158,61.4,92.3,0.4533,1,14
7,323,65.1,90.83333333333333,0.3116766666666667,1,32
8,9,72.8,92.0,-0.21436333333333332,1,4
9,466,57.06666666666667,85.53333333333333,0.6615633333333333,1,42
10,756,62.733333333333334,87.46666666666667,0.055671666666666675,1,60
11,374,62.333333333333336,78.96666666666667,0.42647,1,36
12,711,73.86666666666666,83.14285714285714,-0.06533499999999999,0,53
13,246,63.666666666666664,81.9,0.15720499999999998,1,18
14,79,77.76666666666667,94.7,-0.929065,0,9
15,868,57.7,87.46666666666667,-0.2344,1,66
16,680,55.9,77.23333333333333,-0.03626499999999999,1,50
17,216,62.8,89.8,-0.013780000000000014,1,14
18,853,54.5,84.63333333333334,-0.7834366666666667,1,64
19,258,63.63333333333333,88.83333333333333,0.15312333333333333,1,24
20,446,61.833333333333336,86.56666666666666,0.51894,1,40
21,307,61.43333333333333,90.13333333333334,-0.101045,1,30
22,806,54.56666666666667,83.53333333333333,0.08488666666666665,1,62
23,913,65.13333333333334,96.0,0.04883,0,74
24,276,60.6,87.9,0.4567616666666667,1,30
25,860,56.166666666666664,90.03333333333333,-0.6095333333333334,1,66
26,255,77.26666666666667,84.03333333333333,-1.075445,0,23
27,365,61.36666666666667,91.43333333333334,0.34570833333333334,1,36
28,749,55.4,90.26666666666667,0.09433,1,58
29,459,74.93333333333334,70.83333333333333,-0.6066066666666666,0,41
30,2,69.93333333333334,94.86666666666666,0.00442499999999996,0,1
31,242,69.43333333333334,80.26666666666667,0.26943000000000006,1,16
32,795,54.166666666666664,89.0,0.04684666666666667,1,62
33,745,76.43333333333334,77.60714285714286,-0.22360166666666667,0,57
34,606,55.6,91.26666666666667,-0.03483666666666666,1,44
35,896,54.4,87.93333333333334,-0.3507866666666667,1,70
36,260,58.8,86.2,-0.016406666666666667,1,24
37,692,53.733333333333334,80.7,0.10157333333333333,1,50
38,267,63.53333333333333,90.1,-0.10650500000000006,1,30
39,27,69.53333333333333,90.7,0.05910666666666667,1,6
40,895,56.5,91.83333333333333,-0.25325666666666663,1,70
41,464,62.266666666666666,91.46666666666667,0.1831533333333333,1,42
42,627,63.36666666666667,83.16666666666667,-0.010323333333333328,1,48
43,373,60.8,87.2,0.35167000000000004,1,36
44,8,72.33333333333333,94.13333333333334,-0.001225000000000002,1,4
45,250,72.86666666666666,74.5,-0.6494866666666667,0,21
46,897,59.06666666666667,88.76666666666667,0.155955,0,71
47,455,67.8,78.1,-0.40857000000000004,1,40
48,722,54.4,84.13333333333334,0.17364833333333335,1,54
49,80,72.4,95.16666666666667,-0.49317999999999995,0,9
50,358,62.333333333333336,86.06666666666666,0.1461333333333333,1,34
51,12,71.23333333333333,90.1,0.12011833333333335,0,5
52,261,63.8,77.3,-0.38013,0,25
53,713,56.13333333333333,93.5,-0.06433666666666667,1,54
54,256,74.4,85.36666666666666,-0.6971966666666667,0,23
55,251,63.86666666666667,85.86666666666666,0.23534833333333333,1,22
56,202,64.06666666666666,89.53333333333333,0.1696083333333333,1,14
57,362,79.36666666666666,81.9,-0.21332833333333331,0,35
58,460,65.86666666666666,84.9,-0.4124383333333333,1,42
59,11,70.96666666666667,92.03333333333333,0.01744499999999998,0,5
60,850,55.266666666666666,92.8,-0.25986499999999996,1,64
61,633,75.5,71.6,-0.081605,0,49
62,894,54.46666666666667,89.8,-0.07312,1,70
63,857,55.2,95.03333333333333,-0.4071883333333333,1,66
64,903,70.1,86.73333333333333,0.26400833333333334,1,72
65,735,53.0,95.0,0.16912833333333335,1,56
66,442,78.43333333333334,75.5,0.10566666666666666,0,39
67,76,72.83333333333333,92.8,-0.04689499999999995,1,8
68,720,56.166666666666664,84.86666666666666,0.13985666666666668,1,54
69,628,57.233333333333334,72.63333333333334,-0.0839,1,48
70,248,72.4,79.83333333333333,0.04257166666666668,0,19
71,615,61.333333333333336,74.96666666666667,-0.0035116666666666703,1,46
72,904,73.73333333333333,85.22222222222223,0.176375,1,72
73,262,65.63333333333334,84.06666666666666,0.5501466666666667,1,26
74,610,62.63333333333333,86.2,-0.017214999999999994,1,46
75,87,67.06666666666666,84.4,0.118715,1,10
76,15,72.63333333333334,92.3,-0.21164499999999997,1,6
77,247,69.96666666666667,74.03333333333333,-0.12067333333333329,1,18
78,774,72.53333333333333,82.46666666666667,0.10023,0,61
79,482,66.86666666666666,85.93333333333334,-0.309865,1,44
80,252,64.33333333333333,87.16666666666667,0.13676166666666667,1,22
81,875,56.93333333333333,88.43333333333334,0.3028166666666667,1,68
82,143,73.46666666666667,84.5,-0.5331866666666667,0,13
83,740,58.63333333333333,76.16666666666667,0.04177999999999999,1,56
84,264,74.56666666666666,77.3,-0.6683800000000001,0,27
85,737,60.733333333333334,92.43333333333334,0.11472833333333333,1,56
86,259,60.766666666666666,89.53333333333333,-0.10861833333333332,1,24
87,705,54.86666666666667,85.43333333333334,0.03362333333333333,1,52
88,325,63.3,84.73333333333333,0.6530183333333334,1,32
89,534,53.53333333333333,93.03333333333333,-0.035521666666666674,1,44
90,95,67.96666666666667,90.4,0.35380666666666666,1,10
91,318,80.66666666666667,88.43333333333334,-0.86167,0,31
92,910,61.8,95.33333333333333,-0.042805,0,73
93,382,62.96666666666667,90.9,-0.19364,1,36
94,5,74.46666666666667,90.96666666666667,0.14491833333333334,1,2
95,893,59.93333333333333,89.23333333333333,-0.16225666666666666,0,69
96,611,56.766666666666666,86.66666666666667,-0.09562500000000002,1,46
97,858,55.1,92.7,-0.5395633333333334,1,66
98,353,59.86666666666667,86.03333333333333,0.265665,1,34
99,127,70.86666666666666,83.03333333333333,0.1155616666666667,1,12
100,901,59.96666666666667,90.83333333333333,-0.28944166666666665,1,72
101,662,56.333333333333336,80.63333333333334,-0.08654333333333333,1,50
102,257,59.46666666666667,94.43333333333334,-0.20233999999999994,1,24
103,78,83.26666666666667,90.63333333333334,-0.4716666666666666,0,9
104,144,73.63333333333334,82.9,-0.5105766666666667,0,13
105,612,69.26666666666667,83.43333333333334,-0.10548833333333332,1,46
106,851,55.266666666666666,80.33333333333333,-0.02398333333333332,1,64
107,31,78.16666666666667,84.46666666666667,-0.09030666666666663,0,7
108,908,62.8,93.36666666666666,-0.34750166666666676,0,73
109,854,56.2,81.03333333333333,-0.057651666666666664,1,64
110,132,70.23333333333333,82.66666666666667,-0.275845,1,12
111,10,71.7,92.26666666666667,0.42904666666666663,1,4
112,240,70.63333333333334,83.6,-0.2961316666666666,1,16
113,96,74.86666666666666,83.76666666666667,-0.12085833333333332,0,11
114,856,71.36666666666666,78.1,-0.023773333333333327,0,65
115,263,63.1,72.6,0.05200833333333332,1,26
116,1,75.16666666666667,94.66666666666667,-0.08954666666666658,0,1
117,746,54.666666666666664,95.96666666666667,-0.013555000000000003,1,58
118,37,68.73333333333333,86.03333333333333,0.05697333333333332,1,8
119,142,67.46666666666667,84.86666666666666,0.36444,1,12
120,759,69.33333333333333,67.66666666666667,-0.6229316666666667,1,60
121,632,63.6,85.13333333333334,0.020653333333333326,1,48
122,730,73.73333333333333,86.57142857142857,-0.08446833333333333,0,55
123,141,67.83333333333333,78.2,0.32713000000000003,1,12
124,317,69.46666666666667,84.33333333333333,-0.14379499999999998,0,31
125,889,72.2,85.46666666666667,-1.265375,1,68
126,245,69.43333333333334,81.1,-0.06032166666666665,1,18
127,253,68.53333333333333,73.5,-0.7462516666666666,1,22
128,238,62.63333333333333,85.06666666666666,0.17286333333333334,1,16
129,265,64.33333333333333,84.4,0.206505,1,28
130,241,61.86666666666667,76.63333333333334,0.804445,1,16
131,709,58.233333333333334,91.7,-0.012796666666666668,1,52
132,57,67.2,89.96666666666667,0.5782716666666666,1,8
133,882,53.9,91.66666666666667,-0.10323333333333333,1,68
134,469,74.7,75.3,-0.6134749999999999,0,43
135,384,75.7,80.83333333333333,-0.458845,0,37
136,780,56.46666666666667,86.96666666666667,0.059795,1,62
137,707,62.233333333333334,81.83333333333333,-0.13323833333333332,1,52
138,874,54.06666666666667,94.3,-1.6804233333333334,1,68
139,327,64.46666666666667,89.93333333333334,0.5438433333333333,1,32
140,846,73.53333333333333,81.5,-0.363275,0,63
141,234,78.2,94.2,-0.2672133333333333,0,15
142,766,55.9,92.26666666666667,0.14966500000000002,1,60
143,717,55.233333333333334,89.3,0.05058000000000001,1,54
144,0,85.8,93.93333333333334,-1.0392566666666667,0,1
145,243,64.8,80.8,0.087745,0,17
146,607,60.666666666666664,85.36666666666666,-0.12164833333333334,0,45
147,7,76.56666666666666,90.13333333333334,-0.65322,0,3
148,497,58.2,86.5,0.42272999999999994,1,44
149,748,58.233333333333334,86.9,-0.23013333333333333,1,58
150,625,59.333333333333336,87.86666666666666,0.12400666666666667,1,48
151,345,57.13333333333333,87.33333333333333,0.4953166666666667,1,34
152,4,72.83333333333333,93.83333333333333,0.011518333333333351,0,1
153,6,72.8,91.83333333333333,0.28356666666666663,1,2
154,467,62.4,85.93333333333334,-0.3549133333333333,1,42
155,747,54.36666666666667,93.73333333333333,-0.01210666666666667,1,58
156,448,57.43333333333333,85.46666666666667,0.2560516666666667,1,40
157,62,70.53333333333333,87.56666666666666,0.2989,1,8
158,909,61.833333333333336,95.28571428571429,1.299125,0,73
159,750,75.3,87.61538461538461,-0.04676666666666667,0,59
160,397,60.63333333333333,92.1,0.4989766666666667,1,38
161,266,71.86666666666666,82.53333333333333,-0.70472,0,29
162,912,67.03333333333333,86.66666666666667,-0.007448333333333335,0,74
163,405,57.8,92.86666666666666,0.5071933333333333,1,38
164,687,58.1,84.26666666666667,-0.11429166666666667,1,50
165,697,70.03333333333333,80.26666666666667,-0.19044000000000003,0,51
166,623,73.03333333333333,73.56666666666666,-0.10373833333333332,0,47
167,254,63.733333333333334,89.56666666666666,0.2147,0,23
168,404,57.8,92.4,0.49177166666666666,1,38
169,18,71.36666666666666,87.7,0.3694483333333333,1,6
170,170,63.9,89.96666666666667,0.49689500000000003,1,14
171,770,65.5,72.33333333333333,-0.17013333333333333,1,60
172,89,68.56666666666666,87.1,0.4253066666666667,1,10
173,453,60.9,84.35714285714286,-0.42825166666666664,1,40
174,3,71.5,94.86666666666666,-0.041071666666666694,0,1
175,827,62.53333333333333,75.9,0.043875000000000004,1,62
176,425,60.766666666666666,85.7,0.5048766666666666,1,38
177,83,68.83333333333333,93.03333333333333,0.28082,1,10
178,348,62.06666666666667,86.8,0.32988,1,34
179,326,64.46666666666667,90.2,0.30267,1,32
180,731,54.03333333333333,95.1,0.013809999999999996,1,56
