Window,HR_Mean,SpO2_Mean,Flow_Mean,Sleep_Label,Batch_ID
0,85.8,93.93333333333334,-1.0392566666666667,0,1
1,75.16666666666667,94.66666666666667,-0.08954666666666658,0,1
2,69.93333333333334,94.86666666666666,0.00442499999999996,0,1
3,71.5,94.86666666666666,-0.041071666666666694,0,1
4,72.83333333333333,93.83333333333333,0.011518333333333351,0,1
5,74.46666666666667,90.96666666666667,0.14491833333333334,1,2
6,72.8,91.83333333333333,0.28356666666666663,1,2
7,76.56666666666666,90.13333333333334,-0.65322,0,3
8,72.33333333333333,94.13333333333334,-0.001225000000000002,1,4
9,72.8,92.0,-0.21436333333333332,1,4
10,71.7,92.26666666666667,0.42904666666666663,1,4
11,70.96666666666667,92.03333333333333,0.01744499999999998,0,5
12,71.23333333333333,90.1,0.12011833333333335,0,5
13,70.33333333333333,92.0,0.37632,1,6
14,75.06666666666666,90.83333333333333,-0.3181266666666666,1,6
15,72.63333333333334,92.3,-0.21164499999999997,1,6
16,69.93333333333334,93.06666666666666,0.10064,1,6
17,76.66666666666667,88.23333333333333,-0.17677833333333334,1,6
18,71.36666666666666,87.7,0.3694483333333333,1,6
19,70.73333333333333,90.4,-0.03751666666666667,1,6
20,69.66666666666667,90.43333333333334,0.2906416666666667,1,6
21,71.1,92.36666666666666,0.6100383333333333,1,6
22,69.83333333333333,85.0,-0.04501000000000001,1,6
23,71.03333333333333,90.93333333333334,0.39839166666666664,1,6
24,73.5,91.83333333333333,0.6917316666666667,1,6
25,69.73333333333333,85.63333333333334,-0.35710166666666665,1,6
26,72.86666666666666,87.93333333333334,0.46401000000000003,1,6
27,69.53333333333333,90.7,0.05910666666666667,1,6
28,72.93333333333334,85.36666666666666,-0.06088333333333332,1,6
29,70.53333333333333,90.56666666666666,-0.18980833333333333,1,6
30,69.2,91.1,0.042345,1,6
31,78.16666666666667,84.46666666666667,-0.09030666666666663,0,7
32,71.43333333333334,91.33333333333333,-0.14287833333333338,1,8
33,68.8,92.03333333333333,0.26653,1,8
34,69.53333333333333,92.96666666666667,0.42947666666666673,1,8
35,69.8,86.96666666666667,0.3765216666666666,1,8
36,70.63333333333334,93.13333333333334,0.4937116666666667,1,8
37,68.73333333333333,86.03333333333333,0.05697333333333332,1,8
38,70.63333333333334,91.53333333333333,0.11782500000000001,1,8
39,70.23333333333333,91.66666666666667,0.17921999999999996,1,8
40,72.66666666666667,85.7,0.215175,1,8
41,68.83333333333333,88.56666666666666,-0.10221833333333334,1,8
42,68.83333333333333,88.33333333333333,0.6039816666666666,1,8
43,68.66666666666667,89.86666666666666,-0.25912999999999997,1,8
44,68.8,92.86666666666666,0.24916500000000003,1,8
45,70.33333333333333,84.83333333333333,0.34256999999999993,1,8
46,71.26666666666667,91.26666666666667,0.10404500000000001,1,8
47,67.23333333333333,85.66666666666667,-0.0963416666666667,1,8
48,72.6,90.73333333333333,0.3640583333333333,1,8
49,68.93333333333334,91.03333333333333,0.6072216666666667,1,8
50,68.03333333333333,88.5,0.29841666666666666,1,8
51,66.96666666666667,91.4,-0.08593500000000003,1,8
52,70.06666666666666,91.4,0.3881233333333334,1,8
53,67.6,84.23333333333333,0.09041333333333332,1,8
54,69.23333333333333,86.0,0.4412266666666667,1,8
55,68.06666666666666,92.06666666666666,0.43221833333333337,1,8
56,68.33333333333333,91.76666666666667,0.12711499999999998,1,8
57,67.2,89.96666666666667,0.5782716666666666,1,8
58,69.66666666666667,92.0,0.408105,1,8
59,66.03333333333333,84.7,0.14063833333333334,1,8
60,70.23333333333333,87.76666666666667,0.27604000000000006,1,8
61,69.9,90.43333333333334,0.10480333333333333,1,8
62,70.53333333333333,87.56666666666666,0.2989,1,8
63,70.2,89.63333333333334,0.6056433333333333,1,8
64,71.56666666666666,90.8,0.5151749999999999,1,8
65,67.6,91.23333333333333,0.54646,1,8
66,71.23333333333333,90.0,0.6398966666666667,1,8
67,71.7,90.56666666666666,0.5872516666666667,1,8
68,67.33333333333333,90.5,0.1741116666666667,1,8
69,71.0,89.33333333333333,0.7086683333333333,1,8
70,69.5,91.23333333333333,0.610245,1,8
71,69.76666666666667,90.36666666666666,0.5552833333333334,1,8
72,67.73333333333333,91.0,0.6509800000000001,1,8
73,70.26666666666667,90.73333333333333,0.66464,1,8
74,69.83333333333333,90.3,0.6470183333333334,1,8
75,75.26666666666667,90.53333333333333,0.16457166666666664,1,8
76,72.83333333333333,92.8,-0.04689499999999995,1,8
77,64.53333333333333,94.13333333333334,0.23374833333333336,1,8
78,83.26666666666667,90.63333333333334,-0.4716666666666666,0,9
79,77.76666666666667,94.7,-0.929065,0,9
80,72.4,95.16666666666667,-0.49317999999999995,0,9
81,73.36666666666666,92.93333333333334,0.03204499999999997,1,10
82,75.5,91.9,0.13032166666666667,1,10
83,68.83333333333333,93.03333333333333,0.28082,1,10
84,71.93333333333334,88.93333333333334,0.45818333333333333,1,10
85,70.96666666666667,87.86666666666666,0.30793333333333334,1,10
86,67.26666666666667,91.9,0.22743833333333333,1,10
87,67.06666666666666,84.4,0.118715,1,10
88,70.73333333333333,86.36666666666666,0.2841700000000001,1,10
89,68.56666666666666,87.1,0.4253066666666667,1,10
90,71.06666666666666,87.73333333333333,0.027796666666666713,1,10
91,64.06666666666666,84.73333333333333,0.18873166666666663,1,10
92,64.66666666666667,92.13333333333334,-0.03454000000000001,1,10
93,69.43333333333334,84.96666666666667,0.5784083333333333,1,10
94,71.66666666666667,85.66666666666667,-0.1712383333333333,1,10
95,67.96666666666667,90.4,0.35380666666666666,1,10
96,74.86666666666666,83.76666666666667,-0.12085833333333332,0,11
97,66.06666666666666,92.83333333333333,0.1759883333333333,1,12
98,67.16666666666667,85.23333333333333,-0.21208500000000002,1,12
99,71.1,89.16666666666667,0.09430333333333331,1,12
100,64.56666666666666,86.83333333333333,0.66711,1,12
101,68.5,81.6,-0.04038833333333331,1,12
102,67.06666666666666,90.2,0.5002733333333333,1,12
103,67.73333333333333,88.13333333333334,0.27672833333333335,1,12
104,68.4,86.2,0.08858166666666668,1,12
105,68.63333333333334,93.96666666666667,0.029451666666666602,1,12
106,70.13333333333334,92.13333333333334,-0.3554166666666667,1,12
107,66.53333333333333,92.73333333333333,-0.12367333333333333,1,12
108,68.86666666666666,93.73333333333333,0.31703833333333337,1,12
109,66.0,82.53333333333333,0.1665566666666667,1,12
110,67.36666666666666,89.9,-0.09857166666666667,1,12
111,66.73333333333333,86.9,0.14221333333333333,1,12
112,67.86666666666666,82.66666666666667,0.67876,1,12
113,66.83333333333333,84.9,-0.16874666666666668,1,12
114,70.03333333333333,87.06666666666666,0.24001,1,12
115,64.26666666666667,82.36666666666666,0.3481166666666667,1,12
116,68.36666666666666,81.9,-0.10861833333333332,1,12
117,69.36666666666666,87.53333333333333,0.44577500000000003,1,12
118,65.93333333333334,85.8,0.4292916666666667,1,12
119,66.46666666666667,77.66666666666667,0.030213333333333318,1,12
120,68.73333333333333,87.06666666666666,-0.08527666666666664,1,12
121,69.86666666666666,86.3,0.5241016666666666,1,12
122,64.46666666666667,78.56666666666666,0.14417833333333335,1,12
123,68.46666666666667,80.33333333333333,0.24127499999999996,1,12
124,70.66666666666667,85.1,-0.24984833333333334,1,12
125,66.76666666666667,87.0,0.58733,1,12
126,65.83333333333333,84.13333333333334,0.16962833333333335,1,12
127,70.86666666666666,83.03333333333333,0.1155616666666667,1,12
128,67.53333333333333,84.36666666666666,-0.31326833333333337,1,12
129,68.16666666666667,88.23333333333333,0.8295633333333333,1,12
130,62.233333333333334,81.26666666666667,0.019716666666666677,1,12
131,73.0,82.33333333333333,0.17426166666666668,1,12
132,70.23333333333333,82.66666666666667,-0.275845,1,12
133,68.53333333333333,87.0,0.7037,1,12
134,71.66666666666667,81.43333333333334,-0.028561666666666614,1,12
135,65.6,92.96666666666667,0.25816500000000003,1,12
136,70.96666666666667,88.06666666666666,0.33575499999999997,1,12
137,64.06666666666666,81.7,-0.08138333333333335,1,12
138,69.46666666666667,82.2,0.3535833333333333,1,12
139,70.33333333333333,86.06666666666666,-0.14745333333333335,1,12
140,64.96666666666667,80.83333333333333,0.754995,1,12
141,67.83333333333333,78.2,0.32713000000000003,1,12
142,67.46666666666667,84.86666666666666,0.36444,1,12
143,73.46666666666667,84.5,-0.5331866666666667,0,13
144,73.63333333333334,82.9,-0.5105766666666667,0,13
145,60.4,92.8,0.26169166666666666,1,14
146,67.8,86.7,0.3177933333333333,1,14
147,64.16666666666667,89.63333333333334,0.3453416666666667,1,14
148,63.766666666666666,89.06666666666666,0.31105499999999997,1,14
149,63.333333333333336,89.73333333333333,0.48796666666666666,1,14
150,62.6,89.03333333333333,0.4655583333333333,1,14
151,62.3,89.16666666666667,0.13598500000000005,1,14
152,66.03333333333333,88.56666666666666,0.36665833333333336,1,14
153,64.46666666666667,89.66666666666667,0.3600966666666666,1,14
154,62.96666666666667,85.8,0.6137016666666667,1,14
155,65.86666666666666,89.1,0.478275,1,14
156,61.666666666666664,90.16666666666667,0.1633,1,14
157,64.36666666666666,85.8,0.30253833333333335,1,14
158,61.4,92.3,0.4533,1,14
159,62.666666666666664,88.06666666666666,0.61345,1,14
160,66.66666666666667,87.46666666666667,0.013991666666666625,1,14
161,60.766666666666666,87.1,0.6160433333333334,1,14
162,61.266666666666666,91.93333333333334,0.2845333333333333,1,14
163,62.13333333333333,90.56666666666666,0.6550566666666667,1,14
164,60.666666666666664,90.96666666666667,0.601295,1,14
165,59.63333333333333,91.0,0.5549816666666666,1,14
166,63.03333333333333,89.33333333333333,0.6174183333333333,1,14
167,63.3,90.36666666666666,0.3226583333333333,1,14
168,61.1,90.7,0.30732499999999996,1,14
169,61.333333333333336,90.23333333333333,0.5054133333333334,1,14
170,63.9,89.96666666666667,0.49689500000000003,1,14
171,60.6,89.73333333333333,0.39813666666666664,1,14
172,61.4,89.46666666666667,0.7035066666666666,1,14
173,62.3,90.46666666666667,0.38824500000000006,1,14
174,63.6,88.66666666666667,0.7071116666666666,1,14
175,64.86666666666666,87.93333333333334,0.436135,1,14
176,63.1,90.33333333333333,0.7370766666666667,1,14
177,62.7,90.46666666666667,0.4718133333333333,1,14
178,62.733333333333334,90.23333333333333,0.18786833333333333,1,14
179,66.0,88.4,0.4522616666666667,1,14
180,64.06666666666666,89.0,0.4822166666666667,1,14
181,64.76666666666667,89.9,0.31955666666666666,1,14
182,68.16666666666667,88.4,0.304145,1,14
183,63.6,89.43333333333334,0.6053866666666666,1,14
184,65.9,89.36666666666666,-0.09552333333333335,1,14
185,63.0,89.2,0.37629166666666664,1,14
186,62.666666666666664,89.9,0.16741499999999998,1,14
187,62.03333333333333,89.4,0.3726083333333333,1,14
188,62.333333333333336,90.76666666666667,0.4151616666666667,1,14
189,64.7,88.46666666666667,0.355265,1,14
190,63.9,89.33333333333333,0.370825,1,14
191,63.1,88.83333333333333,-0.006820000000000002,1,14
192,63.03333333333333,89.83333333333333,0.2972483333333333,1,14
193,64.3,88.33333333333333,0.24354,1,14
194,65.73333333333333,89.0,0.18155666666666667,1,14
195,67.9,88.86666666666666,0.35810666666666674,1,14
196,66.66666666666667,89.1,0.3753466666666666,1,14
197,64.33333333333333,89.23333333333333,0.039014999999999994,1,14
198,63.46666666666667,89.86666666666666,0.35752,1,14
199,64.06666666666666,89.4,0.30558833333333335,1,14
200,65.43333333333334,89.4,0.14887833333333333,1,14
201,64.1,88.36666666666666,-0.053685000000000045,1,14
202,64.06666666666666,89.53333333333333,0.1696083333333333,1,14
203,61.833333333333336,90.13333333333334,0.3421166666666667,1,14
204,62.833333333333336,88.13333333333334,0.20999666666666664,1,14
205,62.03333333333333,90.1,0.3808166666666667,1,14
206,63.9,89.53333333333333,0.36321333333333333,1,14
207,63.43333333333333,89.36666666666666,0.39277,1,14
208,61.666666666666664,89.4,-0.11762333333333334,1,14
209,64.53333333333333,88.0,0.42013833333333334,1,14
210,62.86666666666667,88.66666666666667,0.03755999999999999,1,14
211,63.666666666666664,89.6,0.37856,1,14
212,62.96666666666667,89.33333333333333,0.38046166666666664,1,14
213,63.53333333333333,89.13333333333334,0.325945,1,14
214,63.7,89.5,0.28343999999999997,1,14
215,65.26666666666667,88.86666666666666,0.3955016666666667,1,14
216,62.8,89.8,-0.013780000000000014,1,14
217,64.16666666666667,88.9,-0.3707766666666667,1,14
218,62.53333333333333,89.16666666666667,0.32211999999999996,1,14
219,63.266666666666666,88.0,0.385225,1,14
220,61.63333333333333,90.16666666666667,0.24785666666666667,1,14
221,61.63333333333333,90.03333333333333,0.283545,1,14
222,60.7,90.06666666666666,0.027396666666666666,1,14
223,61.7,90.13333333333334,0.24834833333333334,1,14
224,63.9,87.63333333333334,0.31517999999999996,1,14
225,61.63333333333333,89.16666666666667,0.2910233333333333,1,14
226,60.96666666666667,89.63333333333334,0.16535833333333333,1,14
227,61.63333333333333,90.06666666666666,0.33685333333333334,1,14
228,62.13333333333333,89.16666666666667,0.3093316666666667,1,14
229,63.4,89.03333333333333,-0.23972166666666664,1,14
230,64.03333333333333,88.06666666666666,0.5013166666666666,1,14
231,64.46666666666667,87.06666666666666,0.2784566666666667,1,14
232,70.0,91.83333333333333,-0.7436866666666667,1,14
233,61.46666666666667,94.5,-0.3278716666666667,1,14
234,78.2,94.2,-0.2672133333333333,0,15
235,57.2,92.46666666666667,0.5640633333333334,1,16
236,58.43333333333333,87.93333333333334,0.22846000000000002,1,16
237,63.56666666666667,84.5,0.21258166666666664,1,16
238,62.63333333333333,85.06666666666666,0.17286333333333334,1,16
239,62.5,81.3,0.36698333333333333,1,16
240,70.63333333333334,83.6,-0.2961316666666666,1,16
241,61.86666666666667,76.63333333333334,0.804445,1,16
242,69.43333333333334,80.26666666666667,0.26943000000000006,1,16
243,64.8,80.8,0.087745,0,17
244,68.46666666666667,71.26666666666667,-0.408875,1,18
245,69.43333333333334,81.1,-0.06032166666666665,1,18
246,63.666666666666664,81.9,0.15720499999999998,1,18
247,69.96666666666667,74.03333333333333,-0.12067333333333329,1,18
248,72.4,79.83333333333333,0.04257166666666668,0,19
249,64.33333333333333,78.33333333333333,0.5600383333333333,1,20
250,72.86666666666666,74.5,-0.6494866666666667,0,21
251,63.86666666666667,85.86666666666666,0.23534833333333333,1,22
252,64.33333333333333,87.16666666666667,0.13676166666666667,1,22
253,68.53333333333333,73.5,-0.7462516666666666,1,22
254,63.733333333333334,89.56666666666666,0.2147,0,23
255,77.26666666666667,84.03333333333333,-1.075445,0,23
256,74.4,85.36666666666666,-0.6971966666666667,0,23
257,59.46666666666667,94.43333333333334,-0.20233999999999994,1,24
258,63.63333333333333,88.83333333333333,0.15312333333333333,1,24
259,60.766666666666666,89.53333333333333,-0.10861833333333332,1,24
260,58.8,86.2,-0.016406666666666667,1,24
261,63.8,77.3,-0.38013,0,25
262,65.63333333333334,84.06666666666666,0.5501466666666667,1,26
263,63.1,72.6,0.05200833333333332,1,26
264,74.56666666666666,77.3,-0.6683800000000001,0,27
265,64.33333333333333,84.4,0.206505,1,28
266,71.86666666666666,82.53333333333333,-0.70472,0,29
267,63.53333333333333,90.1,-0.10650500000000006,1,30
268,66.06666666666666,87.7,0.166885,1,30
269,57.0,86.2,-0.1003766666666667,1,30
270,62.56666666666667,85.53333333333333,-0.2732483333333333,1,30
271,58.56666666666667,87.6,0.3403333333333334,1,30
272,59.36666666666667,88.8,-0.23376999999999998,1,30
273,59.166666666666664,89.86666666666666,-0.39780499999999996,1,30
274,60.9,88.53333333333333,-0.22256,1,30
275,61.266666666666666,91.9,-0.2984616666666666,1,30
276,60.6,87.9,0.4567616666666667,1,30
277,59.03333333333333,82.63333333333334,-0.13995,1,30
278,68.83333333333333,84.4,-0.31868833333333335,1,30
279,66.0,89.46666666666667,-0.14717166666666665,1,30
280,61.9,90.36666666666666,0.67184,1,30
281,61.53333333333333,81.33333333333333,-0.07360666666666664,1,30
282,61.56666666666667,88.4,0.06066000000000001,1,30
283,61.93333333333333,86.73333333333333,-0.301855,1,30
284,65.7,89.26666666666667,-0.3462383333333333,1,30
285,59.56666666666667,86.46666666666667,0.11218333333333333,1,30
286,61.93333333333333,88.3,-0.17925166666666667,1,30
287,60.43333333333333,90.4,-0.23211666666666667,1,30
288,60.4,91.46666666666667,0.009970000000000008,1,30
289,61.266666666666666,87.56666666666666,-0.19898000000000002,1,30
290,61.2,90.13333333333334,-0.09458666666666665,1,30
291,60.56666666666667,92.0,-0.24783166666666664,1,30
292,63.4,91.63333333333334,-0.13572833333333334,1,30
293,61.333333333333336,91.0,0.09603166666666668,1,30
294,63.166666666666664,86.53333333333333,-0.05874833333333334,1,30
295,69.03333333333333,83.56666666666666,-0.5561466666666667,1,30
296,63.53333333333333,85.83333333333333,0.5383766666666666,1,30
297,59.96666666666667,91.76666666666667,0.1801883333333333,1,30
298,63.666666666666664,85.4,0.20823666666666665,1,30
299,64.36666666666666,88.83333333333333,-0.26098499999999997,1,30
300,59.1,91.33333333333333,-0.07019166666666668,1,30
301,62.3,89.93333333333334,-0.04458499999999999,1,30
302,62.93333333333333,87.36666666666666,-0.4064883333333333,1,30
303,63.03333333333333,88.73333333333333,0.1267066666666667,1,30
304,60.1,87.03333333333333,0.215125,1,30
305,63.0,82.43333333333334,0.4886066666666667,1,30
306,62.5,87.96666666666667,-0.11019833333333331,1,30
307,61.43333333333333,90.13333333333334,-0.101045,1,30
308,59.36666666666667,91.36666666666666,-0.18975166666666665,1,30
309,60.833333333333336,90.16666666666667,-0.09359000000000002,1,30
310,61.93333333333333,91.53333333333333,-0.15823833333333334,1,30
311,60.9,90.0,0.10216166666666666,1,30
312,62.166666666666664,89.63333333333334,-0.6708266666666667,1,30
313,65.5,95.06666666666666,0.525655,1,30
314,62.2,86.16666666666667,0.34465666666666667,1,30
315,63.13333333333333,84.56666666666666,0.10231333333333334,1,30
316,63.233333333333334,84.43333333333334,-0.10783333333333331,1,30
317,69.46666666666667,84.33333333333333,-0.14379499999999998,0,31
318,80.66666666666667,88.43333333333334,-0.86167,0,31
319,58.5,95.03333333333333,-0.19757666666666662,1,32
320,63.0,92.73333333333333,-0.006388333333333359,1,32
321,63.53333333333333,91.13333333333334,0.055775,1,32
322,62.6,89.96666666666667,0.36169999999999997,1,32
323,65.1,90.83333333333333,0.3116766666666667,1,32
324,61.03333333333333,88.2,0.3595383333333333,1,32
325,63.3,84.73333333333333,0.6530183333333334,1,32
326,64.46666666666667,90.2,0.30267,1,32
327,64.46666666666667,89.93333333333334,0.5438433333333333,1,32
328,62.36666666666667,90.9,0.23926333333333333,1,32
329,65.9,90.13333333333334,0.15328333333333333,1,32
330,66.0,90.3,0.22731166666666663,1,32
331,71.0,92.46666666666667,-0.6831683333333333,1,32
332,71.53333333333333,95.06666666666666,-0.40296833333333326,0,33
333,60.766666666666666,92.66666666666667,0.04539166666666666,1,34
334,61.5,92.23333333333333,-0.16780166666666668,1,34
335,64.33333333333333,90.96666666666667,0.48763166666666663,1,34
336,63.266666666666666,86.16666666666667,-0.10497999999999998,1,34
337,66.23333333333333,83.93333333333334,-0.4170566666666667,1,34
338,64.1,89.43333333333334,0.6849116666666667,1,34
339,61.13333333333333,82.6,0.37665333333333334,1,34
340,63.2,83.43333333333334,-0.3890083333333333,1,34
341,69.6,86.66666666666667,-0.13412166666666664,1,34
342,59.733333333333334,83.76666666666667,0.23526666666666665,1,34
343,62.266666666666666,82.9,0.41520333333333337,1,34
344,65.4,88.26666666666667,-0.29817,1,34
345,57.13333333333333,87.33333333333333,0.4953166666666667,1,34
346,62.266666666666666,87.66666666666667,-0.22589166666666666,1,34
347,63.5,85.9,0.46210500000000004,1,34
348,62.06666666666667,86.8,0.32988,1,34
349,62.13333333333333,81.83333333333333,0.023273333333333326,1,34
350,63.733333333333334,90.03333333333333,0.19285,1,34
351,62.766666666666666,82.16666666666667,-0.07378000000000001,1,34
352,62.666666666666664,91.63333333333334,0.10511166666666664,1,34
353,59.86666666666667,86.03333333333333,0.265665,1,34
354,64.1,83.26666666666667,0.29625833333333335,1,34
355,65.06666666666666,87.16666666666667,-0.08525,1,34
356,56.96666666666667,81.43333333333334,0.40769500000000003,1,34
357,68.2,80.3,-0.38908333333333334,1,34
358,62.333333333333336,86.06666666666666,0.1461333333333333,1,34
359,58.8,85.66666666666667,0.46324499999999996,1,34
360,63.666666666666664,81.63333333333334,-0.3039416666666666,1,34
361,64.1,88.0,0.42868333333333325,1,34
362,79.36666666666666,81.9,-0.21332833333333331,0,35
363,58.53333333333333,92.36666666666666,0.2922883333333333,1,36
364,63.833333333333336,88.96666666666667,-0.12960500000000003,1,36
365,61.36666666666667,91.43333333333334,0.34570833333333334,1,36
366,59.8,88.2,0.5217166666666666,1,36
367,62.266666666666666,82.2,0.41543666666666673,1,36
368,65.26666666666667,84.5,-0.15212666666666663,1,36
369,63.03333333333333,88.0,0.4028716666666667,1,36
370,62.266666666666666,86.13333333333334,0.17580833333333332,1,36
371,67.6,82.4,0.33735666666666664,1,36
372,62.46666666666667,86.36666666666666,-0.2473766666666667,1,36
373,60.8,87.2,0.35167000000000004,1,36
374,62.333333333333336,78.96666666666667,0.42647,1,36
375,63.56666666666667,89.36666666666666,-0.2955216666666666,1,36
376,57.86666666666667,86.4,0.36503166666666664,1,36
377,62.166666666666664,89.33333333333333,0.34035333333333334,1,36
378,63.6,80.8,0.04114999999999999,1,36
379,63.2,89.73333333333333,-0.19813666666666666,1,36
380,59.266666666666666,87.93333333333334,0.5014433333333334,1,36
381,62.833333333333336,78.63333333333334,0.563295,1,36
382,62.96666666666667,90.9,-0.19364,1,36
383,59.06666666666667,85.23333333333333,0.3224766666666667,1,36
384,75.7,80.83333333333333,-0.458845,0,37
385,58.733333333333334,87.3,0.007843333333333343,1,38
386,57.96666666666667,92.6,0.3337716666666667,1,38
387,57.333333333333336,92.4,0.3015466666666667,1,38
388,58.3,91.7,0.47527833333333336,1,38
389,56.86666666666667,93.16666666666667,0.41537166666666664,1,38
390,57.733333333333334,92.73333333333333,0.45116833333333334,1,38
391,58.266666666666666,92.33333333333333,0.4758616666666667,1,38
392,56.266666666666666,93.4,0.35113500000000003,1,38
393,57.56666666666667,93.36666666666666,0.3370533333333333,1,38
394,58.5,92.63333333333334,0.4995616666666667,1,38
395,59.0,91.7,0.1308466666666667,1,38
396,59.06666666666667,92.63333333333334,0.3239266666666667,1,38
397,60.63333333333333,92.1,0.4989766666666667,1,38
398,58.5,91.13333333333334,0.5658616666666667,1,38
399,58.333333333333336,92.53333333333333,0.5121033333333334,1,38
400,60.06666666666667,93.0,0.223315,1,38
401,57.9,90.33333333333333,0.5255766666666667,1,38
402,58.3,92.3,0.456555,1,38
403,58.43333333333333,92.46666666666667,0.655055,1,38
404,57.8,92.4,0.49177166666666666,1,38
405,57.8,92.86666666666666,0.5071933333333333,1,38
406,58.36666666666667,90.86666666666666,0.542135,1,38
407,57.733333333333334,92.83333333333333,0.5119533333333334,1,38
408,59.13333333333333,92.46666666666667,0.077235,1,38
409,57.06666666666667,92.56666666666666,0.4938366666666667,1,38
410,58.666666666666664,89.5,0.19516499999999998,1,38
411,60.0,94.93333333333334,0.04329000000000001,1,38
412,68.5,77.73333333333333,-0.03741333333333336,1,38
413,70.43333333333334,72.2,0.15313166666666664,1,38
414,64.93333333333334,89.06666666666666,0.22833,1,38
415,67.03333333333333,73.96666666666667,0.12611333333333336,1,38
416,68.73333333333333,84.3,-0.30669166666666664,1,38
417,60.7,79.53333333333333,-0.033115,1,38
418,64.06666666666666,91.6,0.27068,1,38
419,61.733333333333334,83.96666666666667,-0.029530000000000004,1,38
420,62.333333333333336,81.86666666666666,0.3183866666666667,1,38
421,74.36666666666666,70.63333333333334,-0.33471166666666663,1,38
422,67.9,85.56666666666666,0.2908349999999999,1,38
423,61.666666666666664,89.7,-0.029821666666666666,1,38
424,66.23333333333333,82.23333333333333,-0.3338966666666667,1,38
425,60.766666666666666,85.7,0.5048766666666666,1,38
426,63.266666666666666,79.26666666666667,0.08875999999999999,1,38
427,74.13333333333334,70.36666666666666,-0.9147433333333334,1,38
428,59.93333333333333,90.5,-0.46368000000000004,1,38
429,59.36666666666667,91.36666666666666,0.20839166666666667,1,38
430,64.3,78.06666666666666,-0.1356066666666667,1,38
431,71.33333333333333,73.33333333333333,0.395575,1,38
432,66.16666666666667,81.36666666666666,0.1565116666666667,1,38
433,70.4,70.23333333333333,-0.25081000000000003,1,38
434,70.33333333333333,82.93333333333334,-0.166505,1,38
435,62.36666666666667,78.16666666666667,0.1358066666666667,1,38
436,61.8,88.53333333333333,0.7529166666666666,1,38
437,65.93333333333334,76.53333333333333,-0.49718999999999997,1,38
438,57.666666666666664,89.33333333333333,0.1482166666666667,1,38
439,67.26666666666667,79.0,-0.12263500000000001,1,38
440,60.666666666666664,92.46666666666667,0.2602216666666667,1,38
441,73.53333333333333,78.46666666666667,-0.5764966666666667,1,38
442,78.43333333333334,75.5,0.10566666666666666,0,39
443,58.266666666666666,94.73333333333333,-0.09524499999999998,1,40
444,62.96666666666667,92.03333333333333,0.042616666666666685,1,40
445,61.333333333333336,90.8,0.3214883333333333,1,40
446,61.833333333333336,86.56666666666666,0.51894,1,40
447,63.36666666666667,82.36666666666666,-0.20371333333333339,1,40
448,57.43333333333333,85.46666666666667,0.2560516666666667,1,40
449,58.266666666666666,75.96666666666667,-0.3291883333333333,1,40
450,59.266666666666666,86.2,0.47136,1,40
451,67.5,83.06666666666666,-0.37494666666666665,1,40
452,72.13333333333334,73.06896551724138,0.268125,1,40
453,60.9,84.35714285714286,-0.42825166666666664,1,40
454,59.4,92.1,0.023098333333333332,1,40
455,67.8,78.1,-0.40857000000000004,1,40
456,62.666666666666664,78.86666666666666,0.7842699999999999,1,40
457,59.6,90.3,-0.11436666666666669,1,40
458,63.56666666666667,83.9,0.012616666666666661,1,40
459,74.93333333333334,70.83333333333333,-0.6066066666666666,0,41
460,65.86666666666666,84.9,-0.4124383333333333,1,42
461,62.06666666666667,93.36666666666666,-0.06670833333333336,1,42
462,61.6,90.3,0.04529666666666666,1,42
463,63.53333333333333,89.5,0.05923500000000003,1,42
464,62.266666666666666,91.46666666666667,0.1831533333333333,1,42
465,64.5,88.23333333333333,-0.11871499999999997,1,42
466,57.06666666666667,85.53333333333333,0.6615633333333333,1,42
467,62.4,85.93333333333334,-0.3549133333333333,1,42
468,66.1,90.5,0.218185,1,42
469,74.7,75.3,-0.6134749999999999,0,43
470,55.833333333333336,80.53333333333333,-0.6068583333333334,1,44
471,60.43333333333333,91.13333333333334,-0.236065,1,44
472,59.266666666666666,90.23333333333333,0.568935,1,44
473,66.16666666666667,78.93333333333334,-0.1953233333333334,1,44
474,57.6,91.4,0.1654866666666667,1,44
475,63.03333333333333,86.66666666666667,-0.39338333333333336,1,44
476,60.333333333333336,82.73333333333333,0.9523833333333334,1,44
477,64.0,78.56666666666666,-0.40414500000000003,1,44
478,59.86666666666667,91.7,0.08995499999999998,1,44
479,64.06666666666666,87.73333333333333,0.014996666666666669,1,44
480,57.63333333333333,85.83333333333333,0.445605,1,44
481,62.43333333333333,80.53333333333333,0.18794000000000005,1,44
482,66.86666666666666,85.93333333333334,-0.309865,1,44
483,58.6,84.1,0.3439466666666667,1,44
484,63.233333333333334,79.43333333333334,-0.24646,1,44
485,65.13333333333334,87.46666666666667,0.12981,1,44
486,58.06666666666667,81.46666666666667,0.20009666666666664,1,44
487,60.56666666666667,86.83333333333333,-0.10374000000000001,1,44
488,66.26666666666667,84.76666666666667,-0.37230166666666664,1,44
489,58.166666666666664,83.23333333333333,0.4093016666666667,1,44
490,63.0,79.6,-0.3232366666666666,1,44
491,65.96666666666667,87.9,0.3990016666666667,1,44
492,58.93333333333333,77.86666666666666,0.052916666666666674,1,44
493,62.06666666666667,84.5,-0.311875,1,44
494,60.63333333333333,90.23333333333333,0.2949833333333333,1,44
495,59.53333333333333,81.66666666666667,-0.04765833333333335,1,44
496,66.66666666666667,83.96666666666667,-0.37296166666666664,1,44
497,58.2,86.5,0.42272999999999994,1,44
498,59.166666666666664,89.23333333333333,-0.29981833333333335,1,44
499,62.36666666666667,91.03333333333333,-0.19791999999999998,1,44
500,60.5,88.16666666666667,0.5929,1,44
501,57.06666666666667,84.96666666666667,0.032295000000000004,1,44
502,68.86666666666666,83.96666666666667,-0.40635499999999997,1,44
503,59.333333333333336,86.33333333333333,0.6196016666666666,1,44
504,57.3,84.46666666666667,0.12138833333333333,1,44
505,57.3,86.76666666666667,-0.15693333333333334,1,44
506,61.1,89.83333333333333,0.09412333333333334,1,44
507,57.7,84.43333333333334,0.3804183333333333,1,44
508,58.86666666666667,82.16666666666667,0.007346666666666676,1,44
509,62.86666666666667,88.36666666666666,0.047629999999999985,1,44
510,57.233333333333334,88.7,0.12182333333333333,1,44
511,60.833333333333336,81.36666666666666,-0.17123833333333333,1,44
512,63.5,87.86666666666666,0.09249499999999998,1,44
513,58.266666666666666,86.46666666666667,0.6960033333333333,1,44
514,59.53333333333333,82.4,-0.24112333333333333,1,44
515,63.733333333333334,87.2,-0.005675000000000002,1,44
516,59.233333333333334,86.26666666666667,0.29959166666666665,1,44
517,58.6,85.86666666666666,0.087665,1,44
518,62.2,83.16666666666667,-0.33926500000000004,1,44
519,61.233333333333334,88.93333333333334,0.4016016666666667,1,44
520,58.266666666666666,83.16666666666667,0.3583866666666667,1,44
521,59.333333333333336,83.86666666666666,-0.332835,1,44
522,65.66666666666667,88.06666666666666,-0.5181533333333334,1,44
523,64.06666666666666,78.76666666666667,0.013099999999999985,1,44
524,54.233333333333334,92.43333333333334,-0.0007899999999999981,1,44
525,58.2,89.83333333333333,0.4184583333333334,1,44
526,55.7,92.86666666666666,0.07197333333333338,1,44
527,55.6,92.36666666666666,0.16301666666666664,1,44
528,55.4,92.66666666666667,0.011191666666666654,1,44
529,53.6,93.23333333333333,-0.03117833333333335,1,44
530,56.06666666666667,91.96666666666667,-0.033115,1,44
531,56.93333333333333,91.0,0.2230116666666667,1,44
532,53.266666666666666,92.46666666666667,-0.001323333333333319,1,44
533,55.7,90.5,0.26337499999999997,1,44
534,53.53333333333333,93.03333333333333,-0.035521666666666674,1,44
535,56.266666666666666,91.96666666666667,0.06889333333333333,1,44
536,51.6,93.6,-0.034098333333333335,1,44
537,56.233333333333334,90.86666666666666,-0.05859333333333334,1,44
538,55.1,91.36666666666666,-0.18044166666666667,1,44
539,53.53333333333333,93.16666666666667,-0.5004266666666667,1,44
540,54.0,91.86666666666666,0.51108,1,44
541,53.03333333333333,88.56666666666666,-0.007736666666666657,1,44
542,56.03333333333333,90.0,0.06685666666666666,1,44
543,56.666666666666664,91.8,0.04972166666666665,1,44
544,51.03333333333333,90.83333333333333,0.12022000000000001,1,44
545,55.4,89.86666666666666,-0.25986499999999996,1,44
546,54.6,93.2,0.16929999999999998,1,44
547,56.43333333333333,88.33333333333333,-0.05022666666666666,1,44
548,53.86666666666667,91.93333333333334,-0.01981333333333333,1,44
549,55.06666666666667,92.36666666666666,0.00933333333333334,1,44
550,54.4,91.43333333333334,0.05869666666666665,1,44
551,55.233333333333334,92.0,0.11073166666666667,1,44
552,56.46666666666667,91.56666666666666,0.0034783333333333276,1,44
553,53.46666666666667,92.26666666666667,0.03301,1,44
554,57.53333333333333,91.2,-0.19415166666666667,1,44
555,54.36666666666667,93.06666666666666,0.10193166666666667,1,44
556,56.43333333333333,90.46666666666667,-0.05808166666666666,1,44
557,55.1,91.53333333333333,0.007070000000000006,1,44
558,54.166666666666664,93.2,-0.024181666666666667,1,44
559,56.46666666666667,90.06666666666666,0.18697833333333333,1,44
560,56.3,91.06666666666666,-0.20546,1,44
561,56.233333333333334,91.96666666666667,0.027723333333333343,1,44
562,56.63333333333333,92.26666666666667,-0.0008583333333333276,1,44
563,56.0,91.26666666666667,-0.002238333333333322,1,44
564,56.1,91.7,-0.04555166666666666,1,44
565,55.03333333333333,91.7,0.02062166666666667,1,44
566,60.666666666666664,90.66666666666667,0.107045,1,44
567,56.13333333333333,89.26666666666667,-0.177695,1,44
568,58.333333333333336,91.9,0.07982833333333333,1,44
569,57.8,90.03333333333333,-0.5411183333333334,1,44
570,57.9,91.23333333333333,0.07515,1,44
571,59.0,89.16666666666667,-0.021003333333333353,1,44
572,55.833333333333336,90.3,0.21230666666666667,1,44
573,55.2,91.03333333333333,-0.13304,1,44
574,57.166666666666664,92.4,0.16246166666666667,1,44
575,54.46666666666667,89.06666666666666,-0.02815666666666666,1,44
576,55.93333333333333,91.56666666666666,0.012821666666666676,1,44
577,57.53333333333333,90.63333333333334,-0.03351833333333333,1,44
578,53.8,92.43333333333334,0.18489166666666668,1,44
579,57.1,90.96666666666667,0.11531333333333335,1,44
580,55.766666666666666,92.03333333333333,-0.07011166666666666,1,44
581,56.4,92.83333333333333,-0.042391666666666654,1,44
582,54.233333333333334,93.6,0.23585333333333333,1,44
583,57.1,91.63333333333334,0.08117833333333332,1,44
584,57.9,88.8,0.010706666666666668,1,44
585,58.333333333333336,91.26666666666667,-0.2069933333333333,1,44
586,57.6,92.86666666666666,0.35373166666666667,1,44
587,54.43333333333333,89.9,0.09504,1,44
588,57.833333333333336,89.96666666666667,0.050635,1,44
589,56.06666666666667,93.2,-0.12492333333333333,1,44
590,53.5,93.6,-0.0017033333333333475,1,44
591,55.56666666666667,92.7,0.027061666666666668,1,44
592,53.7,93.43333333333334,0.132885,1,44
593,57.733333333333334,91.1,0.05825666666666667,1,44
594,55.5,91.96666666666667,-0.04035833333333332,1,44
595,53.733333333333334,92.36666666666666,0.021485000000000008,1,44
596,55.36666666666667,94.73333333333333,-0.13059333333333334,1,44
597,55.53333333333333,90.43333333333334,-0.01490500000000001,1,44
598,58.13333333333333,91.36666666666666,0.12260833333333335,1,44
599,57.766666666666666,91.43333333333334,0.02871666666666667,1,44
600,56.7,91.4,0.07632333333333333,1,44
601,58.03333333333333,93.1,0.07362500000000001,1,44
602,55.46666666666667,91.1,0.09458666666666667,1,44
603,55.333333333333336,93.43333333333334,-0.01871833333333334,1,44
604,55.5,92.3,0.06466833333333334,1,44
605,74.4,82.26666666666667,-0.20844,1,44
606,55.6,91.26666666666667,-0.03483666666666666,1,44
607,60.666666666666664,85.36666666666666,-0.12164833333333334,0,45
608,56.233333333333334,95.13333333333334,0.003661666666666665,1,46
609,63.06666666666667,83.6,-0.12387666666666666,1,46
610,62.63333333333333,86.2,-0.017214999999999994,1,46
611,56.766666666666666,86.66666666666667,-0.09562500000000002,1,46
612,69.26666666666667,83.43333333333334,-0.10548833333333332,1,46
613,57.0,76.76666666666667,0.24467833333333333,1,46
614,67.5,80.06666666666666,-0.06508499999999999,1,46
615,61.333333333333336,74.96666666666667,-0.0035116666666666703,1,46
616,62.7,80.9,0.06078333333333335,1,46
617,73.53333333333333,68.36666666666666,-0.27726,1,46
618,55.833333333333336,92.3,-0.14625833333333332,1,46
619,59.766666666666666,88.66666666666667,0.06368166666666666,1,46
620,54.0,82.96666666666667,-0.12617,1,46
621,58.5,83.13333333333334,-0.081355,1,46
622,63.5,86.43333333333334,0.19493833333333332,1,46
623,73.03333333333333,73.56666666666666,-0.10373833333333332,0,47
624,55.6,84.56666666666666,0.00593,1,48
625,59.333333333333336,87.86666666666666,0.12400666666666667,1,48
626,60.46666666666667,76.56666666666666,-0.09615833333333333,1,48
627,63.36666666666667,83.16666666666667,-0.010323333333333328,1,48
628,57.233333333333334,72.63333333333334,-0.0839,1,48
629,66.43333333333334,85.6,-0.05176166666666668,1,48
630,59.266666666666666,78.96666666666667,0.151935,1,48
631,57.2,77.66666666666667,-0.11991333333333332,1,48
632,63.6,85.13333333333334,0.020653333333333326,1,48
633,75.5,71.6,-0.081605,0,49
634,57.06666666666667,93.76666666666667,-0.01534166666666667,1,50
635,60.06666666666667,89.03333333333333,0.039518333333333336,1,50
636,57.5,84.66666666666667,-0.027055,1,50
637,61.43333333333333,82.73333333333333,-0.02057500000000001,1,50
638,58.6,86.36666666666666,0.03291833333333334,1,50
639,56.03333333333333,76.83333333333333,-0.07286666666666666,1,50
640,61.333333333333336,84.53333333333333,-0.11352666666666668,1,50
641,54.666666666666664,84.53333333333333,0.18449166666666666,1,50
642,65.06666666666666,78.36666666666666,-0.11900333333333334,1,50
643,55.5,85.93333333333334,0.055515,1,50
644,53.93333333333333,86.4,-0.009443333333333326,1,50
645,58.4,86.06666666666666,0.03834833333333333,1,50
646,57.9,87.73333333333333,-0.05434499999999999,1,50
647,53.96666666666667,83.7,0.03235,1,50
648,59.833333333333336,83.43333333333334,-0.141605,1,50
649,55.7,89.0,0.08311333333333334,1,50
650,54.06666666666667,85.36666666666666,-0.03520333333333333,1,50
651,59.53333333333333,84.4,-0.008800000000000006,1,50
652,55.166666666666664,85.93333333333334,-0.06848666666666665,1,50
653,54.03333333333333,87.9,0.12520666666666666,1,50
654,57.6,79.4,-0.20505499999999996,1,50
655,58.96666666666667,90.0,0.22147166666666665,1,50
656,54.833333333333336,79.26666666666667,-0.09323833333333333,1,50
657,60.43333333333333,84.73333333333333,-0.22505,1,50
658,55.93333333333333,83.6,0.23008166666666666,1,50
659,54.333333333333336,81.86666666666666,-0.03924333333333333,1,50
660,61.266666666666666,84.56666666666666,-0.18081833333333333,1,50
661,56.6,84.63333333333334,0.13257,1,50
662,56.333333333333336,80.63333333333334,-0.08654333333333333,1,50
663,62.13333333333333,87.1,-0.11686166666666667,1,50
664,53.0,85.4,0.11301666666666668,1,50
665,56.96666666666667,80.63333333333334,-0.005821666666666671,1,50
666,57.36666666666667,89.7,0.16467166666666666,1,50
667,55.56666666666667,78.53333333333333,-0.06417000000000002,1,50
668,59.56666666666667,86.2,-0.14384499999999997,1,50
669,54.833333333333336,86.86666666666666,0.12711,1,50
670,58.833333333333336,77.46666666666667,-0.14195833333333333,1,50
671,60.36666666666667,89.1,0.07491833333333335,1,50
672,52.93333333333333,80.3,0.031763333333333324,1,50
673,58.233333333333334,86.23333333333333,-0.16625500000000001,1,50
674,59.766666666666666,87.26666666666667,-0.008066666666666668,1,50
675,54.166666666666664,80.56666666666666,-0.011548333333333343,1,50
676,61.13333333333333,84.7,-0.11278666666666667,1,50
677,52.93333333333333,87.13333333333334,0.11713833333333333,1,50
678,59.03333333333333,80.53333333333333,-0.174995,1,50
679,58.6,90.26666666666667,0.19689833333333334,1,50
680,55.9,77.23333333333333,-0.03626499999999999,1,50
681,61.36666666666667,84.16666666666667,-0.12041333333333334,1,50
682,54.5,84.7,0.21441833333333332,1,50
683,57.166666666666664,78.23333333333333,-0.03164,1,50
684,60.833333333333336,86.56666666666666,-0.07161499999999998,1,50
685,53.63333333333333,82.76666666666667,0.05541833333333333,1,50
686,57.03333333333333,81.6,-0.024386666666666664,1,50
687,58.1,84.26666666666667,-0.11429166666666667,1,50
688,54.56666666666667,85.53333333333333,0.12647166666666665,1,50
689,55.46666666666667,82.96666666666667,0.003941666666666667,1,50
690,57.266666666666666,84.93333333333334,-0.14506499999999997,1,50
691,59.733333333333334,88.33333333333333,-0.034891666666666675,1,50
692,53.733333333333334,80.7,0.10157333333333333,1,50
693,57.233333333333334,89.56666666666666,-0.021188333333333333,1,50
694,53.6,84.63333333333334,-0.05916499999999999,1,50
695,56.6,85.16666666666667,-0.0957,1,50
696,56.7,91.36666666666666,0.13883333333333336,1,50
697,70.03333333333333,80.26666666666667,-0.19044000000000003,0,51
698,53.4,90.83333333333333,-0.013044999999999998,1,52
699,54.96666666666667,92.96666666666667,0.04028500000000001,1,52
700,53.7,88.1,0.10515999999999999,1,52
701,57.93333333333333,85.06666666666666,-0.039163333333333335,1,52
702,56.03333333333333,91.26666666666667,0.0969,1,52
703,57.733333333333334,78.56666666666666,0.10993999999999998,1,52
704,60.233333333333334,85.46666666666667,-0.02182000000000001,1,52
705,54.86666666666667,85.43333333333334,0.03362333333333333,1,52
706,59.53333333333333,77.63333333333334,0.21126499999999998,1,52
707,62.233333333333334,81.83333333333333,-0.13323833333333332,1,52
708,57.3,82.96666666666667,0.09956166666666667,1,52
709,58.233333333333334,91.7,-0.012796666666666668,1,52
710,53.2,87.0,-0.010883333333333333,1,52
711,73.86666666666666,83.14285714285714,-0.06533499999999999,0,53
712,57.46666666666667,93.86666666666666,-0.003931666666666665,1,54
713,56.13333333333333,93.5,-0.06433666666666667,1,54
714,54.86666666666667,93.66666666666667,0.08687666666666667,1,54
715,55.7,93.4,0.11961000000000001,1,54
716,57.6,92.16666666666667,0.11569,1,54
717,55.233333333333334,89.3,0.05058000000000001,1,54
718,57.43333333333333,90.03333333333333,0.04228999999999998,1,54
719,56.96666666666667,90.4,0.17749,1,54
720,56.166666666666664,84.86666666666666,0.13985666666666668,1,54
721,61.2,88.9,-0.1920133333333333,1,54
722,54.4,84.13333333333334,0.17364833333333335,1,54
723,59.666666666666664,83.53333333333333,0.16040333333333334,1,54
724,58.86666666666667,89.13333333333334,-0.12036999999999999,1,54
725,54.733333333333334,85.2,0.168795,1,54
726,58.6,86.26666666666667,0.14858333333333332,1,54
727,56.5,89.4,-0.14124833333333334,1,54
728,59.6,79.4,0.07513166666666667,1,54
729,61.36666666666667,84.66666666666667,0.014626666666666661,1,54
730,73.73333333333333,86.57142857142857,-0.08446833333333333,0,55
731,54.03333333333333,95.1,0.013809999999999996,1,56
732,57.666666666666664,92.76666666666667,0.12825499999999998,1,56
733,55.06666666666667,91.83333333333333,-0.025349999999999998,1,56
734,55.2,86.16666666666667,0.11261166666666665,1,56
735,53.0,95.0,0.16912833333333335,1,56
736,56.96666666666667,89.1,0.07711666666666667,1,56
737,60.733333333333334,92.43333333333334,0.11472833333333333,1,56
738,57.3,87.1,-0.008598333333333338,1,56
739,65.33333333333333,86.4,0.028248333333333327,1,56
740,58.63333333333333,76.16666666666667,0.04177999999999999,1,56
741,54.733333333333334,91.33333333333333,-0.04310833333333333,1,56
742,63.833333333333336,83.13333333333334,0.06449666666666666,1,56
743,72.53333333333333,75.83333333333333,-0.16266166666666668,1,56
744,54.266666666666666,88.8,0.11602333333333334,1,56
745,76.43333333333334,77.60714285714286,-0.22360166666666667,0,57
746,54.666666666666664,95.96666666666667,-0.013555000000000003,1,58
747,54.36666666666667,93.73333333333333,-0.01210666666666667,1,58
748,58.233333333333334,86.9,-0.23013333333333333,1,58
749,55.4,90.26666666666667,0.09433,1,58
750,75.3,87.61538461538461,-0.04676666666666667,0,59
751,62.6,85.23333333333333,-0.20701666666666665,1,60
752,59.03333333333333,92.36666666666666,0.014314999999999996,1,60
753,54.06666666666667,89.63333333333334,0.007826666666666668,1,60
754,53.43333333333333,86.86666666666666,0.12228333333333333,1,60
755,58.96666666666667,73.83333333333333,-0.2071233333333333,1,60
756,62.733333333333334,87.46666666666667,0.055671666666666675,1,60
757,54.166666666666664,83.7,0.03506833333333333,1,60
758,60.2,79.86666666666666,-0.05683833333333334,1,60
759,69.33333333333333,67.66666666666667,-0.6229316666666667,1,60
760,57.733333333333334,88.9,0.9354683333333333,1,60
761,55.13333333333333,88.8,-0.04296666666666667,1,60
762,72.66666666666667,70.66666666666667,-0.2945816666666667,1,60
763,53.3,83.26666666666667,0.02738499999999999,1,60
764,55.43333333333333,84.6,0.084095,1,60
765,66.76666666666667,71.73333333333333,0.015793333333333333,1,60
766,55.9,92.26666666666667,0.14966500000000002,1,60
767,65.46666666666667,78.33333333333333,-0.08520166666666666,1,60
768,57.766666666666666,76.56666666666666,0.14886,1,60
769,54.333333333333336,88.53333333333333,-0.1275366666666667,1,60
770,65.5,72.33333333333333,-0.17013333333333333,1,60
771,67.0,79.03333333333333,0.23359333333333335,1,60
772,58.4,95.1,0.5561183333333334,1,60
773,64.16666666666667,91.26666666666667,-0.053230000000000006,1,60
774,72.53333333333333,82.46666666666667,0.10023,0,61
775,52.1,94.83333333333333,-0.014698333333333332,1,62
776,56.266666666666666,91.9,0.05508666666666666,1,62
777,53.46666666666667,89.03333333333333,0.06851166666666667,1,62
778,61.233333333333334,87.56666666666666,-0.61925,1,62
779,55.43333333333333,89.2,-0.009123333333333325,1,62
780,56.46666666666667,86.96666666666667,0.059795,1,62
781,65.93333333333334,87.13333333333334,-0.05109333333333333,1,62
782,51.86666666666667,81.93333333333334,-0.425235,1,62
783,62.8,86.6,-0.10963499999999998,1,62
784,56.733333333333334,81.53333333333333,-0.027544999999999997,1,62
785,72.03333333333333,83.16666666666667,-0.008416666666666673,1,62
786,56.36666666666667,80.26666666666667,0.07034333333333334,1,62
787,55.166666666666664,91.0,-0.011901666666666663,1,62
788,56.166666666666664,89.73333333333333,0.008111666666666661,1,62
789,56.86666666666667,92.36666666666666,-0.08061833333333332,1,62
790,51.93333333333333,91.4,0.11684166666666668,1,62
791,53.766666666666666,86.5,-0.05674333333333333,1,62
792,54.53333333333333,89.63333333333334,0.029910000000000003,1,62
793,58.36666666666667,76.33333333333333,-0.003718333333333333,1,62
794,53.93333333333333,86.93333333333334,0.0009166666666666657,1,62
795,54.166666666666664,89.0,0.04684666666666667,1,62
796,52.4,90.46666666666667,-0.09429833333333333,1,62
797,55.53333333333333,91.76666666666667,0.03283333333333334,1,62
798,49.0,87.76666666666667,-0.026754999999999994,1,62
799,58.3,82.73333333333333,0.06609666666666666,1,62
800,52.266666666666666,90.36666666666666,0.017010000000000008,1,62
801,55.766666666666666,91.33333333333333,-0.0025399999999999997,1,62
802,61.86666666666667,91.76666666666667,-0.052616666666666666,1,62
803,51.46666666666667,88.46666666666667,0.019684999999999998,1,62
804,52.6,92.6,0.047148333333333334,1,62
805,61.03333333333333,88.23333333333333,-0.0009916666666666648,1,62
806,54.56666666666667,83.53333333333333,0.08488666666666665,1,62
807,55.63333333333333,92.53333333333333,-0.28730666666666665,1,62
808,54.733333333333334,90.43333333333334,0.030895,1,62
809,57.56666666666667,90.83333333333333,-0.059765,1,62
810,53.0,92.03333333333333,0.016384999999999997,1,62
811,55.7,85.73333333333333,0.03941833333333333,1,62
812,52.63333333333333,92.93333333333334,0.006210000000000003,1,62
813,61.333333333333336,78.4,0.03716,1,62
814,66.4,73.06666666666666,0.09928666666666668,1,62
815,54.4,94.16666666666667,0.00043499999999999556,1,62
816,56.03333333333333,86.4,0.04030833333333333,1,62
817,61.03333333333333,83.93333333333334,0.021823333333333337,1,62
818,57.46666666666667,87.06666666666666,0.010268333333333329,1,62
819,54.1,79.33333333333333,0.07889166666666667,1,62
820,51.666666666666664,90.96666666666667,-0.08960166666666666,1,62
821,64.46666666666667,71.93333333333334,0.038961666666666665,1,62
822,74.7,64.9,0.3460783333333334,1,62
823,59.9,89.43333333333334,-0.08237166666666668,1,62
824,64.7,78.46666666666667,0.05284666666666667,1,62
825,65.16666666666667,86.53333333333333,-0.019836666666666666,1,62
826,58.766666666666666,86.4,0.027136666666666674,1,62
827,62.53333333333333,75.9,0.043875000000000004,1,62
828,58.4,86.1,-0.04996833333333333,1,62
829,72.0,75.13333333333334,-0.022909999999999993,1,62
830,54.666666666666664,80.06666666666666,0.049975,1,62
831,60.266666666666666,82.6,-0.02401166666666666,1,62
832,58.96666666666667,86.33333333333333,0.14018333333333333,1,62
833,59.13333333333333,78.03333333333333,-0.08169166666666668,1,62
834,57.53333333333333,92.43333333333334,0.04234166666666667,1,62
835,62.46666666666667,75.86666666666666,0.15262166666666666,1,62
836,58.733333333333334,85.33333333333333,0.04380333333333333,1,62
837,60.9,86.56666666666666,-0.5803583333333333,1,62
838,59.8,86.06666666666666,0.7722216666666667,1,62
839,55.6,82.66666666666667,0.025661666666666673,1,62
840,58.766666666666666,82.83333333333333,-0.12114000000000001,1,62
841,62.266666666666666,85.86666666666666,0.010578333333333334,1,62
842,60.63333333333333,84.06666666666666,0.11286333333333334,1,62
843,58.8,77.1,-0.25958333333333333,1,62
844,64.4,90.76666666666667,0.3573233333333333,1,62
845,55.9,85.9,-0.40170333333333336,1,62
846,73.53333333333333,81.5,-0.363275,0,63
847,54.7,89.7,0.4665533333333334,1,64
848,60.53333333333333,88.83333333333333,-0.17747333333333334,1,64
849,56.0,83.6,0.022324999999999994,1,64
850,55.266666666666666,92.8,-0.25986499999999996,1,64
851,55.266666666666666,80.33333333333333,-0.02398333333333332,1,64
852,61.43333333333333,87.26666666666667,0.32687333333333335,1,64
853,54.5,84.63333333333334,-0.7834366666666667,1,64
854,56.2,81.03333333333333,-0.057651666666666664,1,64
855,65.66666666666667,84.86666666666666,0.4951116666666666,1,64
856,71.36666666666666,78.1,-0.023773333333333327,0,65
857,55.2,95.03333333333333,-0.4071883333333333,1,66
858,55.1,92.7,-0.5395633333333334,1,66
859,58.166666666666664,91.86666666666666,0.058136666666666656,1,66
860,56.166666666666664,90.03333333333333,-0.6095333333333334,1,66
861,60.833333333333336,79.9,-0.12156666666666664,1,66
862,59.233333333333334,91.63333333333334,0.3947583333333334,1,66
863,55.1,89.03333333333333,-0.15195166666666668,1,66
864,57.833333333333336,81.66666666666667,0.035146666666666646,1,66
865,63.86666666666667,88.26666666666667,0.5320383333333333,1,66
866,55.733333333333334,80.43333333333334,-0.4864866666666667,1,66
867,58.86666666666667,84.86666666666666,-0.4420083333333333,1,66
868,57.7,87.46666666666667,-0.2344,1,66
869,67.46666666666667,90.03333333333333,0.37077333333333334,1,66
870,56.63333333333333,89.6,-0.6012416666666667,1,66
871,54.233333333333334,95.56666666666666,-0.14206666666666665,1,66
872,55.63333333333333,94.3,0.14301,1,66
873,67.7,92.93333333333334,1.4783133333333334,0,67
874,54.06666666666667,94.3,-1.6804233333333334,1,68
875,56.93333333333333,88.43333333333334,0.3028166666666667,1,68
876,60.13333333333333,88.9,-0.22282000000000002,1,68
877,55.266666666666666,84.46666666666667,-0.19763,1,68
878,56.266666666666666,83.56666666666666,-0.16416,1,68
879,59.8,88.16666666666667,0.2839916666666667,1,68
880,57.43333333333333,87.73333333333333,-0.24569666666666665,1,68
881,61.06666666666667,77.33333333333333,0.06109166666666666,1,68
882,53.9,91.66666666666667,-0.10323333333333333,1,68
883,58.8,87.23333333333333,0.3697816666666667,1,68
884,58.43333333333333,84.93333333333334,-0.7923366666666667,1,68
885,55.46666666666667,81.0,-0.08817666666666667,1,68
886,59.766666666666666,86.2,0.4626383333333333,1,68
887,59.06666666666667,86.26666666666667,-0.33519166666666667,1,68
888,54.266666666666666,84.36666666666666,0.577105,1,68
889,72.2,85.46666666666667,-1.265375,1,68
890,57.2,87.86666666666666,0.0028966666666666876,1,68
891,55.06666666666667,94.93333333333334,0.4829833333333333,1,68
892,53.53333333333333,93.46666666666667,0.21319333333333332,1,68
893,59.93333333333333,89.23333333333333,-0.16225666666666666,0,69
894,54.46666666666667,89.8,-0.07312,1,70
895,56.5,91.83333333333333,-0.25325666666666663,1,70
896,54.4,87.93333333333334,-0.3507866666666667,1,70
897,59.06666666666667,88.76666666666667,0.155955,0,71
898,54.63333333333333,92.83333333333333,-0.44050833333333334,1,72
899,54.36666666666667,89.3,-0.11521500000000001,1,72
900,58.46666666666667,86.06666666666666,0.12970166666666666,1,72
901,59.96666666666667,90.83333333333333,-0.28944166666666665,1,72
902,54.86666666666667,84.9,-0.6361583333333333,1,72
903,70.1,86.73333333333333,0.26400833333333334,1,72
904,73.73333333333333,85.22222222222223,0.176375,1,72
905,58.0,95.73333333333333,0.3910666666666666,1,72
906,54.96666666666667,93.8,-0.25800666666666666,1,72
907,53.166666666666664,92.13333333333334,0.10945166666666667,1,72
908,62.8,93.36666666666666,-0.34750166666666676,0,73
909,61.833333333333336,95.28571428571429,1.299125,0,73
910,61.8,95.33333333333333,-0.042805,0,73
912,67.03333333333333,86.66666666666667,-0.007448333333333335,0,74
913,65.13333333333334,96.0,0.04883,0,74
